qseqid,sseqid,pident,length,mismatch,gapopen,qstart,qend,sstart,send,evalue,bitscore
OTU1:5grass,Ascomycota_sp|UDB048607|SH1572820.08FU|reps|k__Fungi;p__Ascomycota;c__unidentified;o__unidentified;f__unidentified;g__unidentified;s__Ascomycota_sp,100.000,154,0,0,1,154,1,154,7.19e-77,285
OTU3:5grass,Fungi_sp|JX351215|SH1646012.08FU|reps|k__Fungi;p__unidentified;c__unidentified;o__unidentified;f__unidentified;g__unidentified;s__Fungi_sp,98.592,142,0,2,1,142,1,140,2.38e-66,250
OTU4:5grass,Colletotrichum_graminicola|DQ126180|SH2699426.08FU|reps|k__Fungi;p__Ascomycota;c__Sordariomycetes;o__Glomerellales;f__Glomerellaceae;g__Colletotrichum;s__Colletotrichum_graminicola,100.000,176,0,0,3,178,1,176,5.01e-89,326
OTU5:5grass,Epicoccum_dendrobii|KY742093|SH2232041.08FU|refs|k__Fungi;p__Ascomycota;c__Dothideomycetes;o__Pleosporales;f__Didymellaceae;g__Epicoccum;s__Epicoccum_dendrobii,100.000,142,0,0,1,142,8,149,3.06e-70,263
OTU6:5grass,Cladosporiaceae_sp|KC216134|SH1651204.08FU|reps|k__Fungi;p__Ascomycota;c__Dothideomycetes;o__Capnodiales;f__Cladosporiaceae;g__unidentified;s__Cladosporiaceae_sp,100.000,155,0,0,1,155,1,155,2.01e-77,287
OTU7:5grass,Podospora_decipiens|UDB0120402|SH1552355.08FU|reps|k__Fungi;p__Ascomycota;c__Sordariomycetes;o__Sordariales;f__Lasiosphaeriaceae;g__Podospora;s__Podospora_decipiens,100.000,156,0,0,1,156,1,156,5.64e-78,289
OTU8:5grass,Vishniacozyma_victoriae|AF444469|SH1528207.08FU|refs|k__Fungi;p__Basidiomycota;c__Tremellomycetes;o__Tremellales;f__Bulleribasidiaceae;g__Vishniacozyma;s__Vishniacozyma_victoriae,100.000,133,0,0,1,133,1,133,2.85e-65,246
OTU9:5grass,Cladosporium_ramotenellum|EF679384|SH2320230.08FU|refs|k__Fungi;p__Ascomycota;c__Dothideomycetes;o__Capnodiales;f__Cladosporiaceae;g__Cladosporium;s__Cladosporium_ramotenellum,98.693,153,2,0,1,153,14,166,5.55e-73,272
OTU10:5grass,Parastagonospora_nodorum|LN877889|SH2589654.08FU|reps_singleton|k__Fungi;p__Ascomycota;c__Dothideomycetes;o__Pleosporales;f__Phaeosphaeriaceae;g__Parastagonospora;s__Parastagonospora_nodorum,97.838,185,4,0,1,185,21,205,2.44e-87,320
OTU11:5grass,Fusicladium_fagi|EU035431|SH1626902.08FU|refs|k__Fungi;p__Ascomycota;c__Dothideomycetes;o__Venturiales;f__Sympoventuriaceae;g__Fusicladium;s__Fusicladium_fagi,96.835,158,4,1,1,158,24,180,3.47e-70,263
OTU12:5grass,Nemania_sp|KY250392|SH1170248.08FU|reps_singleton|k__Fungi;p__Ascomycota;c__Sordariomycetes;o__Xylariales;f__Xylariaceae;g__Nemania;s__Nemania_sp,100.000,223,0,0,1,223,1,223,4.79e-115,412
OTU13:5grass,Blumeria_graminis|AB273565|SH1528354.08FU|refs|k__Fungi;p__Ascomycota;c__Leotiomycetes;o__Erysiphales;f__Erysiphaceae;g__Blumeria;s__Blumeria_graminis,98.315,178,3,0,1,178,14,191,3.90e-85,313
OTU14:5grass,Epichloe_coenophiala|DQ119115|SH2561531.08FU|refs|k__Fungi;p__Ascomycota;c__Sordariomycetes;o__Hypocreales;f__Clavicipitaceae;g__Epichloe;s__Epichloe_coenophiala,100.000,171,0,0,1,171,1,171,2.88e-86,316
OTU15:5grass,Alternaria_infectoria|AF347034|SH2127280.08FU|refs|k__Fungi;p__Ascomycota;c__Dothideomycetes;o__Pleosporales;f__Pleosporaceae;g__Alternaria;s__Alternaria_infectoria,100.000,193,0,0,1,193,12,204,1.95e-98,357
OTU16:5grass,Fungi_sp|JX136055|SH1191796.08FU|reps_singleton|k__Fungi;p__unidentified;c__unidentified;o__unidentified;f__unidentified;g__unidentified;s__Fungi_sp,98.266,173,2,1,1,172,1,173,8.12e-82,302
OTU17:5grass,Nectriaceae_sp|MK482193|SH1546452.08FU|reps|k__Fungi;p__Ascomycota;c__Sordariomycetes;o__Hypocreales;f__Nectriaceae;g__unidentified;s__Nectriaceae_sp,93.789,161,9,1,1,160,13,173,1.65e-63,241
OTU18:5grass,Blumeria_sp|MN540434|SH2600644.08FU|reps_singleton|k__Fungi;p__Ascomycota;c__Leotiomycetes;o__Erysiphales;f__Erysiphaceae;g__Blumeria;s__Blumeria_sp,84.141,227,30,4,1,223,36,260,1.45e-55,215
OTU19:5grass,Paraphaeosphaeria_michotii|KJ939279|SH1687328.08FU|refs|k__Fungi;p__Ascomycota;c__Dothideomycetes;o__Pleosporales;f__Didymosphaeriaceae;g__Paraphaeosphaeria;s__Paraphaeosphaeria_michotii,100.000,181,0,0,1,181,1,181,8.49e-92,335
OTU20:5grass,Xylaria_feejeensis|KY250412|SH1541221.08FU|reps|k__Fungi;p__Ascomycota;c__Sordariomycetes;o__Xylariales;f__Xylariaceae;g__Xylaria;s__Xylaria_feejeensis,99.429,175,1,0,1,175,20,194,8.22e-87,318
OTU21:5grass,Aureobasidium_leucospermi|JN712489|SH2150008.08FU|refs|k__Fungi;p__Ascomycota;c__Dothideomycetes;o__Dothideales;f__Aureobasidiaceae;g__Aureobasidium;s__Aureobasidium_leucospermi,100.000,179,0,0,1,179,1,179,1.08e-90,331
OTU22:6grass,Parastagonospora_sp|MH399290|SH1525164.08FU|reps|k__Fungi;p__Ascomycota;c__Dothideomycetes;o__Pleosporales;f__Phaeosphaeriaceae;g__Parastagonospora;s__Parastagonospora_sp,99.459,185,1,0,1,185,1,185,2.42e-92,337
OTU23:13grass,Xylaria_carpophila|JF908806|SH1541308.08FU|reps|k__Fungi;p__Ascomycota;c__Sordariomycetes;o__Xylariales;f__Xylariaceae;g__Xylaria;s__Xylaria_carpophila,95.580,181,6,2,1,180,7,186,6.66e-78,289
OTU25:5grass,Filobasidium_stepposum|DQ222455|SH2525086.08FU|refs|k__Fungi;p__Basidiomycota;c__Tremellomycetes;o__Filobasidiales;f__Filobasidiaceae;g__Filobasidium;s__Filobasidium_stepposum,99.342,152,1,0,1,152,5,156,4.26e-74,276
OTU26:5grass,Stemphylium_beticola|KU850520|SH2179703.08FU|refs|k__Fungi;p__Ascomycota;c__Dothideomycetes;o__Pleosporales;f__Pleosporaceae;g__Stemphylium;s__Stemphylium_beticola,100.000,175,0,0,1,175,8,182,1.77e-88,324
OTU27:5grass,Neostagonospora_caricis|KF251163|SH1525109.08FU|refs|k__Fungi;p__Ascomycota;c__Dothideomycetes;o__Pleosporales;f__Phaeosphaeriaceae;g__Neostagonospora;s__Neostagonospora_caricis,98.925,186,2,0,1,186,1,186,3.15e-91,333
OTU28:5grass,Fungi_sp|JX363566|SH1573192.08FU|reps|k__Fungi;p__unidentified;c__unidentified;o__unidentified;f__unidentified;g__unidentified;s__Fungi_sp,92.025,163,13,0,1,163,1,163,3.65e-60,230
OTU29:5grass,Neoascochyta_triticicola|GU237887|SH1712325.08FU|refs|k__Fungi;p__Ascomycota;c__Dothideomycetes;o__Pleosporales;f__Didymellaceae;g__Neoascochyta;s__Neoascochyta_triticicola,100.000,140,0,0,1,140,8,147,3.89e-69,259
OTU30:5grass,Pallidocercospora_ventilago|KF442645|SH1577541.08FU|refs|k__Fungi;p__Ascomycota;c__Dothideomycetes;o__Capnodiales;f__Mycosphaerellaceae;g__Pallidocercospora;s__Pallidocercospora_ventilago,94.366,142,7,1,1,142,1,141,2.46e-56,217
OTU31:7grass,Erratomyces_patelii|MH859894|SH1864505.08FU|refs|k__Fungi;p__Basidiomycota;c__Exobasidiomycetes;o__Tilletiales;f__Tilletiaceae;g__Erratomyces;s__Erratomyces_patelii,98.374,246,2,2,1,245,1,245,4.08e-121,433
OTU32:10grass,Bipolaris_brizae|KM257054|SH1575706.08FU|refs|k__Fungi;p__Ascomycota;c__Dothideomycetes;o__Pleosporales;f__Pleosporaceae;g__Bipolaris;s__Bipolaris_brizae,99.138,116,1,0,121,236,1,116,7.19e-54,209
OTU33:5grass,Naganishia_albida|AF145329|SH2268666.08FU|refs|k__Fungi;p__Basidiomycota;c__Tremellomycetes;o__Filobasidiales;f__Filobasidiaceae;g__Naganishia;s__Naganishia_albida,100.000,154,0,0,1,154,1,154,7.19e-77,285
OTU34:7grass,Colletotrichum_horii|GQ329690|SH2219013.08FU|refs|k__Fungi;p__Ascomycota;c__Sordariomycetes;o__Glomerellales;f__Glomerellaceae;g__Colletotrichum;s__Colletotrichum_horii,100.000,171,0,0,1,171,1,171,2.88e-86,316
OTU35:5grass,Zymoseptoria_verkleyi|KC005781|SH1577471.08FU|refs|k__Fungi;p__Ascomycota;c__Dothideomycetes;o__Capnodiales;f__Mycosphaerellaceae;g__Zymoseptoria;s__Zymoseptoria_verkleyi,97.826,138,3,0,1,138,1,138,4.98e-63,239
OTU36:8grass,Preussia_splendens|GQ203791|SH1231345.08FU|reps_singleton|k__Fungi;p__Ascomycota;c__Dothideomycetes;o__Pleosporales;f__Sporormiaceae;g__Preussia;s__Preussia_splendens,88.591,149,14,3,1,146,6,154,1.18e-44,178
OTU37:5grass,Parengyodontium_album|MT131802|SH3566439.08FU|reps_singleton|k__Fungi;p__Ascomycota;c__Sordariomycetes;o__Hypocreales;f__Cordycipitaceae;g__Parengyodontium;s__Parengyodontium_album,96.133,181,5,2,1,181,1,179,1.44e-79,294
OTU38:5grass,Alternaria_eureka|JN383490|SH1664237.08FU|refs|k__Fungi;p__Ascomycota;c__Dothideomycetes;o__Pleosporales;f__Pleosporaceae;g__Alternaria;s__Alternaria_eureka,95.783,166,5,2,1,165,26,190,2.82e-71,267
OTU39:6grass,Coniochaeta_sp|JX042826|SH1645146.08FU|reps|k__Fungi;p__Ascomycota;c__Sordariomycetes;o__Coniochaetales;f__Coniochaetaceae;g__Coniochaeta;s__Coniochaeta_sp,90.957,188,13,4,1,184,1,188,3.22e-66,250
OTU41:5grass,Pestalotiopsis_trachicarpicola|JQ845947|SH2289913.08FU|refs|k__Fungi;p__Ascomycota;c__Sordariomycetes;o__Xylariales;f__Sporocadaceae;g__Pestalotiopsis;s__Pestalotiopsis_trachicarpicola,100.000,192,0,0,3,194,8,199,7.05e-98,355
OTU42:5grass,Xylaria_nigripes|GQ851755|SH1546048.08FU|reps|k__Fungi;p__Ascomycota;c__Sordariomycetes;o__Xylariales;f__Xylariaceae;g__Xylaria;s__Xylaria_nigripes,99.444,180,1,0,1,180,1,180,1.41e-89,327
OTU44:5grass,Annulohypoxylon_squamulosum|MN128881|SH1554703.08FU|reps|k__Fungi;p__Ascomycota;c__Sordariomycetes;o__Xylariales;f__Xylariaceae;g__Annulohypoxylon;s__Annulohypoxylon_squamulosum,99.539,217,0,1,1,217,1,216,1.69e-109,394
OTU45:14grass,Coniochaeta_lignicola|HE610335|SH2098710.08FU|refs|k__Fungi;p__Ascomycota;c__Sordariomycetes;o__Coniochaetales;f__Coniochaetaceae;g__Coniochaeta;s__Coniochaeta_lignicola,94.186,172,8,2,3,174,8,177,1.40e-69,261
OTU47:6grass,Fusarium_denticulatum|KR909405|SH2458264.08FU|refs|k__Fungi;p__Ascomycota;c__Sordariomycetes;o__Hypocreales;f__Nectriaceae;g__Fusarium;s__Fusarium_denticulatum,100.000,147,0,0,1,147,6,152,5.30e-73,272
OTU48:6grass,Pleosporales_sp|MT663379|SH1560577.08FU|reps|k__Fungi;p__Ascomycota;c__Dothideomycetes;o__Pleosporales;f__unidentified;g__unidentified;s__Pleosporales_sp,90.541,148,11,3,1,146,1,147,4.21e-49,193
OTU49:5grass,Pleosporales_sp|MT558591|SH2707271.08FU|reps|k__Fungi;p__Ascomycota;c__Dothideomycetes;o__Pleosporales;f__unidentified;g__unidentified;s__Pleosporales_sp,98.974,195,0,2,10,204,2,194,1.25e-95,348
OTU50:14grass,Ramularia_eucalypti|KJ504792|SH1750408.08FU|refs|k__Fungi;p__Ascomycota;c__Dothideomycetes;o__Capnodiales;f__Mycosphaerellaceae;g__Ramularia;s__Ramularia_eucalypti,100.000,143,0,0,1,143,1,143,8.58e-71,265
OTU51:7grass,Fungi_sp|KU838459|SH1646337.08FU|reps|k__Fungi;p__unidentified;c__unidentified;o__unidentified;f__unidentified;g__unidentified;s__Fungi_sp,100.000,138,0,0,1,138,4,141,4.95e-68,255
OTU52:6grass,Trochila_sp|MT873948|SH3594539.08FU|reps|k__Fungi;p__Ascomycota;c__Leotiomycetes;o__Helotiales;f__Dermateaceae;g__Trochila;s__Trochila_sp,90.303,165,9,5,1,164,1,159,4.79e-54,209
OTU53:8grass,Neoascochyta_desmazieri|KT389508|SH1547065.08FU|refs|k__Fungi;p__Ascomycota;c__Dothideomycetes;o__Pleosporales;f__Didymellaceae;g__Neoascochyta;s__Neoascochyta_desmazieri,100.000,139,0,0,1,139,8,146,1.39e-68,257
OTU54:5grass,Pleosporaceae_sp|HF674747|SH1575711.08FU|reps|k__Fungi;p__Ascomycota;c__Dothideomycetes;o__Pleosporales;f__Pleosporaceae;g__unidentified;s__Pleosporaceae_sp,98.571,140,1,1,36,175,1,139,3.94e-65,246
OTU55:7grass,Ascomycota_sp|HG325819|SH1144172.08FU|reps_singleton|k__Fungi;p__Ascomycota;c__unidentified;o__unidentified;f__unidentified;g__unidentified;s__Ascomycota_sp,97.297,148,4,0,1,148,12,159,6.96e-67,252
OTU56:9grass,Boeremia_noackiana|GU237720|SH2232191.08FU|refs|k__Fungi;p__Ascomycota;c__Dothideomycetes;o__Pleosporales;f__Didymellaceae;g__Boeremia;s__Boeremia_noackiana,100.000,139,0,0,1,139,8,146,1.39e-68,257
OTU57:8grass,Protomyces_inouyei|LT602859|SH1647231.08FU|reps|k__Fungi;p__Ascomycota;c__Taphrinomycetes;o__Taphrinales;f__Protomycetaceae;g__Protomyces;s__Protomyces_inouyei,98.571,140,0,2,1,139,1,139,3.00e-65,246
OTU58:7grass,Ochrocladosporium_adansoniae|KF777176|SH1191789.08FU|refs_singleton|k__Fungi;p__Ascomycota;c__Dothideomycetes;o__Pleosporales;f__Pleosporales_fam_Incertae_sedis;g__Ochrocladosporium;s__Ochrocladosporium_adansoniae,90.909,165,13,2,3,166,8,171,2.24e-57,220
OTU59:5grass,Chaetothyriales_sp|KU839575|SH1529637.08FU|reps|k__Fungi;p__Ascomycota;c__Eurotiomycetes;o__Chaetothyriales;f__unidentified;g__unidentified;s__Chaetothyriales_sp,94.872,195,7,2,1,195,22,213,9.37e-82,302
OTU60:5grass,Pleosporales_sp|AM262381|SH1573191.08FU|reps|k__Fungi;p__Ascomycota;c__Dothideomycetes;o__Pleosporales;f__unidentified;g__unidentified;s__Pleosporales_sp,89.143,175,17,2,1,174,3,176,3.07e-56,217
OTU61:5grass,Dothideomycetes_sp|MN275869|SH1522665.08FU|reps|k__Fungi;p__Ascomycota;c__Dothideomycetes;o__unidentified;f__unidentified;g__unidentified;s__Dothideomycetes_sp,93.056,144,3,3,1,138,1,143,1.82e-52,204
OTU63:5grass,Ramularia_pusilla|KP894248|SH1577612.08FU|refs|k__Fungi;p__Ascomycota;c__Dothideomycetes;o__Capnodiales;f__Mycosphaerellaceae;g__Ramularia;s__Ramularia_pusilla,96.528,144,4,1,1,143,1,144,1.87e-62,237
OTU64:5grass,Pleosporales_sp|GQ203774|SH1541772.08FU|reps|k__Fungi;p__Ascomycota;c__Dothideomycetes;o__Pleosporales;f__unidentified;g__unidentified;s__Pleosporales_sp,95.105,143,4,2,1,141,6,147,5.15e-58,222
OTU65:7grass,Fungi_sp|JX385263|SH1567473.08FU|reps|k__Fungi;p__unidentified;c__unidentified;o__unidentified;f__unidentified;g__unidentified;s__Fungi_sp,99.342,152,1,0,1,152,1,152,4.26e-74,276
OTU66:6grass,Fungi_sp|MF971872|SH1239435.08FU|reps_singleton|k__Fungi;p__unidentified;c__unidentified;o__unidentified;f__unidentified;g__unidentified;s__Fungi_sp,99.291,141,0,1,1,140,1,141,1.81e-67,254
OTU67:5grass,Dioszegia_hungarica|AF444379|SH1609774.08FU|refs|k__Fungi;p__Basidiomycota;c__Tremellomycetes;o__Tremellales;f__Bulleribasidiaceae;g__Dioszegia;s__Dioszegia_hungarica,100.000,113,0,0,1,113,1,113,3.06e-54,209
OTU71:26grass,Stagonosporopsis_oculi-hominis|GU237901|SH1920843.08FU|refs_singleton|k__Fungi;p__Ascomycota;c__Dothideomycetes;o__Pleosporales;f__Didymellaceae;g__Stagonosporopsis;s__Stagonosporopsis_oculi-hominis,100.000,140,0,0,1,140,8,147,3.89e-69,259
OTU72:6grass,Stagonospora_trichophoricola|KJ869110|SH1576715.08FU|refs|k__Fungi;p__Ascomycota;c__Dothideomycetes;o__Pleosporales;f__Massarinaceae;g__Stagonospora;s__Stagonospora_trichophoricola,96.774,155,4,1,1,154,20,174,1.57e-68,257
OTU74:8grass,Ascochyta_phacae|KT389475|SH2232193.08FU|refs|k__Fungi;p__Ascomycota;c__Dothideomycetes;o__Pleosporales;f__Didymellaceae;g__Ascochyta;s__Ascochyta_phacae,100.000,139,0,0,1,139,8,146,1.39e-68,257
OTU75:6grass,Preussia_sp|GU909871|SH1170512.08FU|reps_singleton|k__Fungi;p__Ascomycota;c__Dothideomycetes;o__Pleosporales;f__Sporormiaceae;g__Preussia;s__Preussia_sp,99.291,141,1,0,1,141,20,160,5.08e-68,255
OTU76:14grass,Penicillium_sp|UDB0607506|SH1535986.08FU|reps|k__Fungi;p__Ascomycota;c__Eurotiomycetes;o__Eurotiales;f__Aspergillaceae;g__Penicillium;s__Penicillium_sp,100.000,178,0,0,1,178,1,178,3.87e-90,329
OTU77:5grass,Peniophora_pithya|HQ008901|SH1646425.08FU|reps|k__Fungi;p__Basidiomycota;c__Agaricomycetes;o__Russulales;f__Peniophoraceae;g__Peniophora;s__Peniophora_pithya,99.270,137,1,0,62,198,1,137,1.26e-65,248
OTU78:7grass,Saitozyma_paraflava|AY395800|SH1565597.08FU|refs|k__Fungi;p__Basidiomycota;c__Tremellomycetes;o__Tremellales;f__Trimorphomycetaceae;g__Saitozyma;s__Saitozyma_paraflava,98.182,110,0,2,1,110,12,119,1.07e-48,191
OTU80:7grass,Phaeosphaeriaceae_sp|HQ212251|SH1156470.08FU|reps_singleton|k__Fungi;p__Ascomycota;c__Dothideomycetes;o__Pleosporales;f__Phaeosphaeriaceae;g__unidentified;s__Phaeosphaeriaceae_sp,94.924,197,10,0,1,197,1,197,5.66e-84,309
OTU83:5grass,Botryotinia_ranunculi|MH858258|SH1962120.08FU|refs|k__Fungi;p__Ascomycota;c__Leotiomycetes;o__Helotiales;f__Sclerotiniaceae;g__Botryotinia;s__Botryotinia_ranunculi,100.000,146,0,0,1,146,1,146,1.89e-72,270
OTU84:8grass,Neoascochyta_europaea|KT389511|SH1547064.08FU|refs|k__Fungi;p__Ascomycota;c__Dothideomycetes;o__Pleosporales;f__Didymellaceae;g__Neoascochyta;s__Neoascochyta_europaea,99.286,140,1,0,1,140,8,147,1.81e-67,254
OTU85:13grass,Hormonema_macrosporum|AJ244247|SH1515061.08FU|refs|k__Fungi;p__Ascomycota;c__Dothideomycetes;o__Dothideales;f__Dothioraceae;g__Hormonema;s__Hormonema_macrosporum,98.889,180,2,0,1,180,8,187,6.57e-88,322
OTU87:15grass,Trametes_versicolor|UDB011614|SH1565939.08FU|refs|k__Fungi;p__Basidiomycota;c__Agaricomycetes;o__Polyporales;f__Polyporaceae;g__Trametes;s__Trametes_versicolor,99.459,185,0,1,1,184,22,206,8.65e-92,335
OTU88:16grass,Clypeosphaeria_mamillana|HQ228266|SH3565601.08FU|reps_singleton|k__Fungi;p__Ascomycota;c__Sordariomycetes;o__Xylariales;f__Xylariaceae;g__Clypeosphaeria;s__Clypeosphaeria_mamillana,99.237,131,0,1,1,131,7,136,6.05e-62,235
OTU89:6grass,Bipolaris_brizae|KM257054|SH1575706.08FU|refs|k__Fungi;p__Ascomycota;c__Dothideomycetes;o__Pleosporales;f__Pleosporaceae;g__Bipolaris;s__Bipolaris_brizae,98.276,116,2,0,120,235,1,116,3.33e-52,204
OTU90:13grass,Phaeosphaeriaceae_sp|UDB067309|SH1643453.08FU|reps|k__Fungi;p__Ascomycota;c__Dothideomycetes;o__Pleosporales;f__Phaeosphaeriaceae;g__unidentified;s__Phaeosphaeriaceae_sp,97.849,186,4,0,1,186,1,186,6.82e-88,322
OTU91:9grass,Taphrina_tormentillae|AF492120|SH1519932.08FU|refs|k__Fungi;p__Ascomycota;c__Taphrinomycetes;o__Taphrinales;f__Taphrinaceae;g__Taphrina;s__Taphrina_tormentillae,99.425,174,1,0,1,174,12,185,2.94e-86,316
OTU92:5grass,Fungi_sp|JX318622|SH2702881.08FU|reps|k__Fungi;p__unidentified;c__unidentified;o__unidentified;f__unidentified;g__unidentified;s__Fungi_sp,97.143,140,3,1,1,139,1,140,6.61e-62,235
OTU93:14grass,Fungi_sp|HQ260264|SH1179370.08FU|reps_singleton|k__Fungi;p__unidentified;c__unidentified;o__unidentified;f__unidentified;g__unidentified;s__Fungi_sp,93.750,176,6,5,1,176,1,171,5.09e-69,259
OTU94:5grass,Xylaria_longipes|HQ916325|SH1541286.08FU|reps|k__Fungi;p__Ascomycota;c__Sordariomycetes;o__Xylariales;f__Xylariaceae;g__Xylaria;s__Xylaria_longipes,94.286,175,9,1,1,174,1,175,3.00e-71,267
OTU95:14grass,Gibberella_zeae|AB586992|SH1610160.08FU|refs|k__Fungi;p__Ascomycota;c__Sordariomycetes;o__Hypocreales;f__Nectriaceae;g__Gibberella;s__Gibberella_zeae,99.320,147,1,0,1,147,6,152,2.46e-71,267
OTU97:6grass,Stagonospora_trichophoricola|KJ869110|SH1576715.08FU|refs|k__Fungi;p__Ascomycota;c__Dothideomycetes;o__Pleosporales;f__Massarinaceae;g__Stagonospora;s__Stagonospora_trichophoricola,96.129,155,6,0,1,155,20,174,2.04e-67,254
OTU98:50grass,Sordaria_fimicola|KC254096|SH1876744.08FU|refs|k__Fungi;p__Ascomycota;c__Sordariomycetes;o__Sordariales;f__Sordariaceae;g__Sordaria;s__Sordaria_fimicola,100.000,187,0,0,1,187,1,187,4.07e-95,346
OTU100:7grass,Ochrocladosporium_adansoniae|KF777176|SH1191789.08FU|refs_singleton|k__Fungi;p__Ascomycota;c__Dothideomycetes;o__Pleosporales;f__Pleosporales_fam_Incertae_sedis;g__Ochrocladosporium;s__Ochrocladosporium_adansoniae,90.909,165,13,2,3,166,8,171,2.24e-57,220
OTU101:8grass,Sordariales_sp|UDB0417875|SH1648735.08FU|reps|k__Fungi;p__Ascomycota;c__Sordariomycetes;o__Sordariales;f__unidentified;g__unidentified;s__Sordariales_sp,96.753,154,4,1,1,154,1,153,5.64e-68,255
OTU102:9grass,Davidiellomyces_australiensis|KY979736|SH1572800.08FU|refs|k__Fungi;p__Ascomycota;c__Dothideomycetes;o__Capnodiales;f__Cladosporiaceae;g__Davidiellomyces;s__Davidiellomyces_australiensis,91.497,294,19,6,1,292,1,290,5.02e-111,399
OTU103:5grass,Comoclathris_sp|KY026595|SH1572401.08FU|reps|k__Fungi;p__Ascomycota;c__Dothideomycetes;o__Pleosporales;f__Pleosporaceae;g__Comoclathris;s__Comoclathris_sp,100.000,185,0,0,1,185,1,185,5.20e-94,342
OTU104:53grass,Schizothecium_sp|UDB0767876|SH1567858.08FU|reps|k__Fungi;p__Ascomycota;c__Sordariomycetes;o__Sordariales;f__Lasiosphaeriaceae;g__Schizothecium;s__Schizothecium_sp,90.643,171,15,1,1,171,1,170,4.99e-59,226
OTU106:15grass,Nemania_aenea|AJ390433|SH1541197.08FU|refs|k__Fungi;p__Ascomycota;c__Sordariomycetes;o__Xylariales;f__Xylariaceae;g__Nemania;s__Nemania_aenea,99.429,175,1,0,1,175,11,185,8.22e-87,318
OTU107:5grass,Malassezia_restricta|AY743636|SH1515384.08FU|refs|k__Fungi;p__Basidiomycota;c__Malasseziomycetes;o__Malasseziales;f__Malasseziaceae;g__Malassezia;s__Malassezia_restricta,100.000,210,0,0,1,210,9,218,7.60e-108,388
OTU108:13grass,Dothideomycetes_sp|MN275869|SH1522665.08FU|reps|k__Fungi;p__Ascomycota;c__Dothideomycetes;o__unidentified;f__unidentified;g__unidentified;s__Dothideomycetes_sp,93.793,145,6,3,1,144,1,143,8.83e-56,215
OTU109:7grass,Dioszegia_rishiriensis|KY103358|SH1609782.08FU|refs|k__Fungi;p__Basidiomycota;c__Tremellomycetes;o__Tremellales;f__Bulleribasidiaceae;g__Dioszegia;s__Dioszegia_rishiriensis,100.000,100,0,0,1,100,1,100,4.47e-47,185
OTU111:5grass,Alternaria_rosae|JQ693639|SH1858974.08FU|refs|k__Fungi;p__Ascomycota;c__Dothideomycetes;o__Pleosporales;f__Pleosporaceae;g__Alternaria;s__Alternaria_rosae,96.939,196,3,3,1,193,26,221,5.50e-89,326
OTU113:14grass,Dioszegia_sp|KP714702|SH1609813.08FU|reps|k__Fungi;p__Basidiomycota;c__Tremellomycetes;o__Tremellales;f__Bulleribasidiaceae;g__Dioszegia;s__Dioszegia_sp,100.000,114,0,0,1,114,1,114,8.59e-55,211
OTU114:5grass,Coprinus_sterquilinus|MK169331|SH1647714.08FU|reps|k__Fungi;p__Basidiomycota;c__Agaricomycetes;o__Agaricales;f__Agaricaceae;g__Coprinus;s__Coprinus_sterquilinus,100.000,193,0,0,20,212,1,193,2.17e-98,357
OTU117:5grass,Lapidomyces_sp|AM901969|SH1645464.08FU|reps|k__Fungi;p__Ascomycota;c__Dothideomycetes;o__Capnodiales;f__Teratosphaeriaceae;g__Lapidomyces;s__Lapidomyces_sp,92.667,150,8,2,1,150,1,147,3.33e-55,213
OTU119:41grass,Fungi_sp|MF971407|SH1241530.08FU|reps_singleton|k__Fungi;p__unidentified;c__unidentified;o__unidentified;f__unidentified;g__unidentified;s__Fungi_sp,94.531,256,7,6,1,251,31,284,9.21e-108,388
OTU120:7grass,Itersonilia_pannonica|AB072229|SH1556070.08FU|refs|k__Fungi;p__Basidiomycota;c__Tremellomycetes;o__Cystofilobasidiales;f__Mrakiaceae;g__Itersonilia;s__Itersonilia_pannonica,96.078,153,4,2,1,151,1,153,9.21e-66,248
OTU122:8grass,Phyllosticta_foliorum|KF170309|SH2545569.08FU|refs|k__Fungi;p__Ascomycota;c__Dothideomycetes;o__Botryosphaeriales;f__Phyllostictaceae;g__Phyllosticta;s__Phyllosticta_foliorum,95.935,246,3,2,1,246,1,239,6.96e-109,392
OTU123:18grass,Rachicladosporium_pini|UDB0749224|SH1574039.08FU|reps|k__Fungi;p__Ascomycota;c__Dothideomycetes;o__Capnodiales;f__Cladosporiaceae;g__Rachicladosporium;s__Rachicladosporium_pini,95.455,176,6,1,1,174,1,176,3.85e-75,279
OTU124:6grass,Selenophoma_linicola|MH856436|SH1542964.08FU|refs|k__Fungi;p__Ascomycota;c__Dothideomycetes;o__Dothideales;f__Dothideales_fam_Incertae_sedis;g__Selenophoma;s__Selenophoma_linicola,97.884,189,3,1,1,189,8,195,5.37e-89,326
OTU126:5grass,Holtermanniella_festucosa|KY102693|SH2039838.08FU|refs|k__Fungi;p__Basidiomycota;c__Tremellomycetes;o__Holtermanniales;f__Holtermanniales_fam_Incertae_sedis;g__Holtermanniella;s__Holtermanniella_festucosa,100.000,106,0,0,1,106,1,106,2.19e-50,196
OTU127:23grass,Phaeopoacea_festucae|AY929118|SH1525160.08FU|reps|k__Fungi;p__Ascomycota;c__Dothideomycetes;o__Pleosporales;f__Phaeosphaeriaceae;g__Phaeopoacea;s__Phaeopoacea_festucae,97.368,190,5,0,1,190,1,190,1.94e-88,324
OTU128:8grass,Penicillium_multicolor|UDB0643405|SH1536865.08FU|reps|k__Fungi;p__Ascomycota;c__Eurotiomycetes;o__Eurotiales;f__Aspergillaceae;g__Penicillium;s__Penicillium_multicolor,100.000,174,0,0,1,174,1,174,6.31e-88,322
OTU129:7grass,Biscogniauxia_capnodes|MF770835|SH2594357.08FU|reps_singleton|k__Fungi;p__Ascomycota;c__Sordariomycetes;o__Xylariales;f__Xylariaceae;g__Biscogniauxia;s__Biscogniauxia_capnodes,100.000,291,0,0,1,291,1,291,1.02e-152,538
OTU133:11grass,Lasiodiplodia_macrospora|KF234557|SH2131667.08FU|refs|k__Fungi;p__Ascomycota;c__Dothideomycetes;o__Botryosphaeriales;f__Botryosphaeriaceae;g__Lasiodiplodia;s__Lasiodiplodia_macrospora,98.529,136,2,0,1,136,12,147,1.36e-63,241
OTU134:5grass,Fungi_sp|MF971494|SH1190898.08FU|reps_singleton|k__Fungi;p__unidentified;c__unidentified;o__unidentified;f__unidentified;g__unidentified;s__Fungi_sp,96.296,162,6,0,1,162,31,192,2.76e-71,267
OTU135:26grass,Tremellales_sp|KM216348|SH1574513.08FU|reps|k__Fungi;p__Basidiomycota;c__Tremellomycetes;o__Tremellales;f__unidentified;g__unidentified;s__Tremellales_sp,96.094,128,3,2,22,147,1,128,1.51e-53,207
OTU136:10grass,Rachicladosporium_sp|AY843058|SH1574015.08FU|reps|k__Fungi;p__Ascomycota;c__Dothideomycetes;o__Capnodiales;f__Cladosporiaceae;g__Rachicladosporium;s__Rachicladosporium_sp,98.266,173,3,0,1,173,6,178,2.27e-82,303
OTU137:24grass,Dothideomycetes_sp|MH864759|SH2705204.08FU|reps|k__Fungi;p__Ascomycota;c__Dothideomycetes;o__unidentified;f__unidentified;g__unidentified;s__Dothideomycetes_sp,91.304,138,7,5,1,134,8,144,2.29e-46,183
OTU139:21grass,Dioszegia_aurantiaca|KY103346|SH2037714.08FU|refs|k__Fungi;p__Basidiomycota;c__Tremellomycetes;o__Tremellales;f__Bulleribasidiaceae;g__Dioszegia;s__Dioszegia_aurantiaca,98.077,104,1,1,1,103,1,104,2.16e-45,180
OTU144:6grass,Fungi_sp|JX363566|SH1573192.08FU|reps|k__Fungi;p__unidentified;c__unidentified;o__unidentified;f__unidentified;g__unidentified;s__Fungi_sp,91.411,163,14,0,1,163,1,163,1.70e-58,224
OTU145:14grass,Filobasidium_magnum|AF190008|SH2525085.08FU|refs|k__Fungi;p__Basidiomycota;c__Tremellomycetes;o__Filobasidiales;f__Filobasidiaceae;g__Filobasidium;s__Filobasidium_magnum,100.000,137,0,0,1,137,1,137,1.76e-67,254
OTU146:34grass,Hirsutella_kirchneri|EF194154|SH1553249.08FU|reps|k__Fungi;p__Ascomycota;c__Sordariomycetes;o__Hypocreales;f__Ophiocordycipitaceae;g__Hirsutella;s__Hirsutella_kirchneri,100.000,144,0,0,1,144,1,144,2.40e-71,267
OTU149:25grass,Ovicillium_oosporum|KU382193|SH2284494.08FU|refs|k__Fungi;p__Ascomycota;c__Sordariomycetes;o__Hypocreales;f__Bionectriaceae;g__Ovicillium;s__Ovicillium_oosporum,100.000,126,0,0,1,126,4,129,2.08e-61,233
OTU150:5grass,Fungi_sp|MW164615|SH3568926.08FU|reps_singleton|k__Fungi;p__unidentified;c__unidentified;o__unidentified;f__unidentified;g__unidentified;s__Fungi_sp,100.000,142,0,0,1,142,1,142,3.06e-70,263
OTU154:27grass,Parastagonospora_sp|UDB0408129|SH2738544.08FU|reps|k__Fungi;p__Ascomycota;c__Dothideomycetes;o__Pleosporales;f__Phaeosphaeriaceae;g__Parastagonospora;s__Parastagonospora_sp,93.085,188,13,0,1,188,7,194,5.45e-74,276
OTU155:7grass,Golovinomyces_sp|AB769439|SH1607372.08FU|refs|k__Fungi;p__Ascomycota;c__Leotiomycetes;o__Erysiphales;f__Erysiphaceae;g__Golovinomyces;s__Golovinomyces_sp,95.767,189,7,1,1,189,1,188,2.51e-82,303
OTU156:13grass,Alternaria_alternata|KF465761|SH2179670.08FU|refs|k__Fungi;p__Ascomycota;c__Dothideomycetes;o__Pleosporales;f__Pleosporaceae;g__Alternaria;s__Alternaria_alternata,100.000,164,0,0,1,164,1,164,2.14e-82,303
OTU157:24grass,Spizellomycetales_sp|UDB0726115|SH3317890.08FU|reps|k__Fungi;p__Chytridiomycota;c__Spizellomycetes;o__Spizellomycetales;f__unidentified;g__unidentified;s__Spizellomycetales_sp,80.240,167,20,9,137,291,284,449,7.30e-25,113
OTU159:5grass,Glarea_lozoyensis|AF169304|SH1543039.08FU|refs|k__Fungi;p__Ascomycota;c__Leotiomycetes;o__Helotiales;f__Helotiaceae;g__Glarea;s__Glarea_lozoyensis,98.742,159,2,0,1,159,6,164,2.68e-76,283
OTU160:5grass,Sordariomycetes_sp|HQ625459|SH1234522.08FU|reps_singleton|k__Fungi;p__Ascomycota;c__Sordariomycetes;o__unidentified;f__unidentified;g__unidentified;s__Sordariomycetes_sp,93.413,167,10,1,1,167,22,187,3.86e-65,246
OTU161:5grass,Clypeosphaeria_mamillana|KT949897|SH1551329.08FU|refs|k__Fungi;p__Ascomycota;c__Sordariomycetes;o__Xylariales;f__Xylariaceae;g__Clypeosphaeria;s__Clypeosphaeria_mamillana,94.737,133,7,0,1,133,1,133,1.34e-53,207
OTU162:9grass,Articulospora_proliferata|FJ000395|SH1648833.08FU|refs|k__Fungi;p__Ascomycota;c__Leotiomycetes;o__Helotiales;f__Helotiaceae;g__Articulospora;s__Articulospora_proliferata,95.322,171,6,2,1,171,20,188,2.27e-72,270
OTU163:13grass,Phaeococcomyces_sp|KX147589|SH1573482.08FU|reps|k__Fungi;p__Ascomycota;c__Arthoniomycetes;o__Lichenostigmatales;f__Phaeococcomycetaceae;g__Phaeococcomyces;s__Phaeococcomyces_sp,92.571,175,9,4,1,172,12,185,1.07e-65,248
OTU164:8grass,Itersonilia_pannonica|AB072229|SH1556070.08FU|refs|k__Fungi;p__Basidiomycota;c__Tremellomycetes;o__Cystofilobasidiales;f__Mrakiaceae;g__Itersonilia;s__Itersonilia_pannonica,100.000,153,0,0,1,153,1,153,2.57e-76,283
OTU165:26grass,Fungi_sp|JX363566|SH1573192.08FU|reps|k__Fungi;p__unidentified;c__unidentified;o__unidentified;f__unidentified;g__unidentified;s__Fungi_sp,93.902,164,8,2,1,163,1,163,3.62e-65,246
OTU166:5grass,Penicillium_sp|UDB078491|SH1536617.08FU|reps|k__Fungi;p__Ascomycota;c__Eurotiomycetes;o__Eurotiales;f__Aspergillaceae;g__Penicillium;s__Penicillium_sp,94.798,173,7,2,1,172,1,172,8.23e-72,268
OTU169:8grass,Ascomycota_sp|UDB0442417|SH1515157.08FU|reps|k__Fungi;p__Ascomycota;c__unidentified;o__unidentified;f__unidentified;g__unidentified;s__Ascomycota_sp,99.441,179,0,1,1,178,1,179,1.80e-88,324
OTU170:42grass,Stemphylium_sp|EF104164|SH1192933.08FU|reps_singleton|k__Fungi;p__Ascomycota;c__Dothideomycetes;o__Pleosporales;f__Pleosporaceae;g__Stemphylium;s__Stemphylium_sp,88.444,225,11,12,26,236,1,224,1.17e-71,268
OTU171:7grass,Sporormiaceae_sp|UDB0762956|SH1541787.08FU|reps|k__Fungi;p__Ascomycota;c__Dothideomycetes;o__Pleosporales;f__Sporormiaceae;g__unidentified;s__Sporormiaceae_sp,100.000,140,0,0,1,140,1,140,3.89e-69,259
OTU173:5grass,Xylariaceae_sp|MN844486|SH1541129.08FU|reps|k__Fungi;p__Ascomycota;c__Sordariomycetes;o__Xylariales;f__Xylariaceae;g__unidentified;s__Xylariaceae_sp,98.851,174,0,2,1,174,2,173,4.92e-84,309
OTU174:5grass,Sporobolomyces_roseus|AY015438|SH1575126.08FU|refs|k__Fungi;p__Basidiomycota;c__Microbotryomycetes;o__Sporidiobolales;f__Sporidiobolaceae;g__Sporobolomyces;s__Sporobolomyces_roseus,100.000,151,0,0,1,151,1,151,3.27e-75,279
OTU175:6grass,Tremellales_sp|KM216348|SH1574513.08FU|reps|k__Fungi;p__Basidiomycota;c__Tremellomycetes;o__Tremellales;f__unidentified;g__unidentified;s__Tremellales_sp,98.438,128,2,0,22,149,1,128,4.25e-59,226
OTU176:25grass,Kondoa_malvinella|MK782455|SH3566456.08FU|reps_singleton|k__Fungi;p__Basidiomycota;c__Agaricostilbomycetes;o__Agaricostilbales;f__Kondoaceae;g__Kondoa;s__Kondoa_malvinella,87.879,99,6,5,1,95,1,97,1.46e-24,111
OTU177:8grass,Spirosphaera_sp|MT002403|SH3567283.08FU|reps_singleton|k__Fungi;p__Ascomycota;c__Leotiomycetes;o__Helotiales;f__Helotiales_fam_Incertae_sedis;g__Spirosphaera;s__Spirosphaera_sp,77.397,146,20,8,46,181,32,174,2.04e-13,75.0
OTU178:17grass,Phyllosticta_abietis|AF312012|SH1242064.08FU|reps_singleton|k__Fungi;p__Ascomycota;c__Dothideomycetes;o__Botryosphaeriales;f__Phyllostictaceae;g__Phyllosticta;s__Phyllosticta_abietis,100.000,249,0,0,1,249,1,249,1.91e-129,460
OTU181:5grass,Phaeosphaeria_sp|KX228294|SH1524279.08FU|refs|k__Fungi;p__Ascomycota;c__Dothideomycetes;o__Pleosporales;f__Phaeosphaeriaceae;g__Phaeosphaeria;s__Phaeosphaeria_sp,93.478,92,5,1,61,152,82,172,8.60e-32,135
OTU182:5grass,Parastagonospora_sp|KU058711|SH1525135.08FU|reps|k__Fungi;p__Ascomycota;c__Dothideomycetes;o__Pleosporales;f__Phaeosphaeriaceae;g__Parastagonospora;s__Parastagonospora_sp,98.930,187,2,0,1,187,1,187,8.81e-92,335
OTU183:12grass,Penicillium_citrinum|AF033422|SH1529986.08FU|refs|k__Fungi;p__Ascomycota;c__Eurotiomycetes;o__Eurotiales;f__Aspergillaceae;g__Penicillium;s__Penicillium_citrinum,100.000,139,0,0,1,139,12,150,1.39e-68,257
OTU185:18grass,Fodinomyces_uranophilus|MK448262|SH2596462.08FU|reps_singleton|k__Fungi;p__Ascomycota;c__Dothideomycetes;o__Capnodiales;f__Teratosphaeriaceae;g__Fodinomyces;s__Fodinomyces_uranophilus,80.714,140,13,9,8,139,29,162,3.56e-20,97.1
OTU186:6grass,Stagonospora_bicolor|MH087100|SH1193577.08FU|reps_singleton|k__Fungi;p__Ascomycota;c__Dothideomycetes;o__Pleosporales;f__Massarinaceae;g__Stagonospora;s__Stagonospora_bicolor,96.774,155,5,0,1,155,1,155,4.39e-69,259
OTU189:13grass,Mucor_plumbeus|JF723573|SH2129993.08FU|refs|k__Fungi;p__Mucoromycota;c__Mucoromycetes;o__Mucorales;f__Mucoraceae;g__Mucor;s__Mucor_plumbeus,99.038,208,2,0,1,208,1,208,2.11e-103,374
OTU190:17grass,Neopestalotiopsis_mesopotamica|KM199362|SH2251930.08FU|refs_singleton|k__Fungi;p__Ascomycota;c__Sordariomycetes;o__Xylariales;f__Sporocadaceae;g__Neopestalotiopsis;s__Neopestalotiopsis_mesopotamica,100.000,142,0,0,1,142,1,142,3.06e-70,263
OTU191:19grass,Constantinomyces_minimus|AY843066|SH1521507.08FU|refs|k__Fungi;p__Ascomycota;c__Dothideomycetes;o__Capnodiales;f__Teratosphaeriaceae;g__Constantinomyces;s__Constantinomyces_minimus,97.241,145,4,0,1,145,6,150,3.16e-65,246
OTU192:26grass,Podospora_sp|UDB0287735|SH1578236.08FU|reps|k__Fungi;p__Ascomycota;c__Sordariomycetes;o__Sordariales;f__Lasiosphaeriaceae;g__Podospora;s__Podospora_sp,98.496,133,2,0,1,133,1,133,6.16e-62,235
OTU193:5grass,Rhodotorula_mucilaginosa|AF444541|SH1558726.08FU|refs|k__Fungi;p__Basidiomycota;c__Microbotryomycetes;o__Sporidiobolales;f__Sporidiobolaceae;g__Rhodotorula;s__Rhodotorula_mucilaginosa,100.000,152,0,0,1,152,1,152,9.16e-76,281
OTU195:21grass,Pseudodidymosphaeria_phlei|KU764780|SH1518198.08FU|reps|k__Fungi;p__Ascomycota;c__Dothideomycetes;o__Pleosporales;f__Massarinaceae;g__Pseudodidymosphaeria;s__Pseudodidymosphaeria_phlei,100.000,268,0,0,1,268,1,268,5.67e-140,496
OTU201:7grass,Hypomontagnella_monticulosa|KY250383|SH1507899.08FU|reps|k__Fungi;p__Ascomycota;c__Sordariomycetes;o__Xylariales;f__Hypoxylaceae;g__Hypomontagnella;s__Hypomontagnella_monticulosa,100.000,170,0,0,1,170,1,170,1.03e-85,315
OTU205:15grass,Alloconiothyrium_aptrootii|JX496121|SH1525467.08FU|refs|k__Fungi;p__Ascomycota;c__Dothideomycetes;o__Pleosporales;f__Didymosphaeriaceae;g__Alloconiothyrium;s__Alloconiothyrium_aptrootii,98.734,158,2,0,1,158,1,158,9.58e-76,281
OTU207:7grass,Periconia_neobrittanica|MG813167|SH1573204.08FU|reps|k__Fungi;p__Ascomycota;c__Dothideomycetes;o__Pleosporales;f__Periconiaceae;g__Periconia;s__Periconia_neobrittanica,98.710,155,2,0,1,155,1,155,4.36e-74,276
OTU210:12grass,Filobasidium_wieringae|AF444373|SH1631613.08FU|refs|k__Fungi;p__Basidiomycota;c__Tremellomycetes;o__Filobasidiales;f__Filobasidiaceae;g__Filobasidium;s__Filobasidium_wieringae,100.000,133,0,0,1,133,1,133,2.85e-65,246
OTU216:21grass,Pleosporales_sp|GU910939|SH1244249.08FU|reps_singleton|k__Fungi;p__Ascomycota;c__Dothideomycetes;o__Pleosporales;f__unidentified;g__unidentified;s__Pleosporales_sp,98.582,141,2,0,1,141,22,162,2.36e-66,250
OTU217:7grass,Sarocladium_summerbellii|HG965034|SH1541930.08FU|refs|k__Fungi;p__Ascomycota;c__Sordariomycetes;o__Hypocreales;f__Hypocreales_fam_Incertae_sedis;g__Sarocladium;s__Sarocladium_summerbellii,98.758,161,2,0,1,161,1,161,2.11e-77,287
OTU222:130grass,Neoascochyta_argentina|KT389524|SH1920727.08FU|refs|k__Fungi;p__Ascomycota;c__Dothideomycetes;o__Pleosporales;f__Didymellaceae;g__Neoascochyta;s__Neoascochyta_argentina,98.571,140,2,0,1,140,8,147,8.42e-66,248
OTU223:24grass,Symmetrospora_sp|AY479978|SH2044326.08FU|refs|k__Fungi;p__Basidiomycota;c__Cystobasidiomycetes;o__Cystobasidiomycetes_ord_Incertae_sedis;f__Symmetrosporaceae;g__Symmetrospora;s__Symmetrospora_sp,93.571,140,3,5,1,137,28,164,1.83e-52,204
OTU225:6grass,Dioszegia_hungarica|JN400813|SH1609805.08FU|reps|k__Fungi;p__Basidiomycota;c__Tremellomycetes;o__Tremellales;f__Bulleribasidiaceae;g__Dioszegia;s__Dioszegia_hungarica,90.435,115,8,3,1,114,1,113,6.83e-36,148
OTU227:6grass,Ceratobasidiaceae_sp|AF354086|SH1514294.08FU|refs|k__Fungi;p__Basidiomycota;c__Agaricomycetes;o__Cantharellales;f__Ceratobasidiaceae;g__unidentified;s__Ceratobasidiaceae_sp,96.209,211,6,2,1,209,1,211,1.66e-94,344
OTU230:18grass,Vishniacozyma_victoriae|AF444469|SH1528207.08FU|refs|k__Fungi;p__Basidiomycota;c__Tremellomycetes;o__Tremellales;f__Bulleribasidiaceae;g__Vishniacozyma;s__Vishniacozyma_victoriae,98.462,130,2,0,1,130,1,130,2.84e-60,230
OTU231:7grass,Candida_parapsilosis|AY939798|SH1570474.08FU|refs|k__Fungi;p__Ascomycota;c__Saccharomycetes;o__Saccharomycetales;f__Saccharomycetales_fam_Incertae_sedis;g__Candida;s__Candida_parapsilosis,100.000,149,0,0,1,149,1,149,4.16e-74,276
OTU232:6grass,Dioszegia_hungarica|AF444379|SH1609774.08FU|refs|k__Fungi;p__Basidiomycota;c__Tremellomycetes;o__Tremellales;f__Bulleribasidiaceae;g__Dioszegia;s__Dioszegia_hungarica,92.105,114,6,2,1,112,1,113,1.11e-38,158
OTU233:26grass,Loratospora_luzulae|KT328497|SH2176172.08FU|refs|k__Fungi;p__Ascomycota;c__Dothideomycetes;o__Pleosporales;f__Phaeosphaeriaceae;g__Loratospora;s__Loratospora_luzulae,97.872,188,4,0,3,190,16,203,5.40e-89,326
OTU244:7grass,Dioszegia_patagonica|KY449061|SH1609775.08FU|refs|k__Fungi;p__Basidiomycota;c__Tremellomycetes;o__Tremellales;f__Bulleribasidiaceae;g__Dioszegia;s__Dioszegia_patagonica,100.000,117,0,0,1,117,19,135,1.91e-56,217
OTU245:6grass,Microthyriales_sp|UDB0303465|SH1654368.08FU|reps|k__Fungi;p__Ascomycota;c__Dothideomycetes;o__Microthyriales;f__unidentified;g__unidentified;s__Microthyriales_sp,100.000,96,0,0,1,96,1,96,7.10e-45,178
OTU257:9grass,Sordariaceae_sp|HG937165|SH1234059.08FU|reps_singleton|k__Fungi;p__Ascomycota;c__Sordariomycetes;o__Sordariales;f__Sordariaceae;g__unidentified;s__Sordariaceae_sp,100.000,141,0,0,1,141,1,141,1.09e-69,261
OTU258:8grass,Annulohypoxylon_purpureonitens|KY250374|SH1507292.08FU|reps|k__Fungi;p__Ascomycota;c__Sordariomycetes;o__Xylariales;f__Xylariaceae;g__Annulohypoxylon;s__Annulohypoxylon_purpureonitens,100.000,151,0,0,1,151,1,151,3.27e-75,279
OTU260:26grass,Phlebia_radiata|UDB015454|SH1599717.08FU|refs|k__Fungi;p__Basidiomycota;c__Agaricomycetes;o__Polyporales;f__Meruliaceae;g__Phlebia;s__Phlebia_radiata,97.970,197,4,0,1,197,21,217,5.59e-94,342
OTU264:19grass,Blumeria_sp|MN540434|SH2600644.08FU|reps_singleton|k__Fungi;p__Ascomycota;c__Leotiomycetes;o__Erysiphales;f__Erysiphaceae;g__Blumeria;s__Blumeria_sp,83.260,227,29,7,1,222,36,258,4.08e-51,200
OTU267:6grass,Coniochaeta_decumbens|HE610337|SH1645096.08FU|refs|k__Fungi;p__Ascomycota;c__Sordariomycetes;o__Coniochaetales;f__Coniochaetaceae;g__Coniochaeta;s__Coniochaeta_decumbens,100.000,165,0,0,1,165,6,170,5.98e-83,305
OTU271:8grass,Plectania_melastoma|JX421749|SH1518922.08FU|reps|k__Fungi;p__Ascomycota;c__Pezizomycetes;o__Pezizales;f__Sarcosomataceae;g__Plectania;s__Plectania_melastoma,97.279,147,3,1,84,230,1,146,1.48e-65,248
OTU273:158grass,Atheliales_sp|KM104123|SH1561285.08FU|reps|k__Fungi;p__Basidiomycota;c__Agaricomycetes;o__Atheliales;f__unidentified;g__unidentified;s__Atheliales_sp,96.429,196,6,1,1,196,1,195,7.23e-88,322
OTU279:5grass,Phyllosticta_capitalensis|JF261465|SH1639642.08FU|refs|k__Fungi;p__Ascomycota;c__Dothideomycetes;o__Botryosphaeriales;f__Phyllostictaceae;g__Phyllosticta;s__Phyllosticta_capitalensis,100.000,230,0,0,1,230,1,230,6.37e-119,425
OTU281:12grass,Xylaria_feejeensis|FJ175169|SH1541208.08FU|reps|k__Fungi;p__Ascomycota;c__Sordariomycetes;o__Xylariales;f__Xylariaceae;g__Xylaria;s__Xylaria_feejeensis,100.000,174,0,0,1,174,6,179,6.31e-88,322
OTU284:8grass,Fungi_sp|MF971995|SH1170526.08FU|reps_singleton|k__Fungi;p__unidentified;c__unidentified;o__unidentified;f__unidentified;g__unidentified;s__Fungi_sp,98.571,140,1,1,1,140,1,139,3.03e-65,246
OTU292:87grass,Saccharomyces_cerevisiae|AB018043|SH1613178.08FU|refs|k__Fungi;p__Ascomycota;c__Saccharomycetes;o__Saccharomycetales;f__Saccharomycetaceae;g__Saccharomyces;s__Saccharomyces_cerevisiae,99.724,362,0,1,1,361,2,363,0.0,662
OTU297:15grass,Phyllosticta_sp|MH380034|SH2711803.08FU|reps|k__Fungi;p__Ascomycota;c__Dothideomycetes;o__Botryosphaeriales;f__Phyllostictaceae;g__Phyllosticta;s__Phyllosticta_sp,87.069,232,18,9,10,231,7,236,1.16e-66,252
OTU299:62grass,Epicoccum_dendrobii|KY742093|SH2232041.08FU|refs|k__Fungi;p__Ascomycota;c__Dothideomycetes;o__Pleosporales;f__Didymellaceae;g__Epicoccum;s__Epicoccum_dendrobii,96.479,142,4,1,1,141,8,149,2.38e-61,233
OTU301:6grass,Chalastospora_gossypii|FJ214883|SH1505869.08FU|refs|k__Fungi;p__Ascomycota;c__Dothideomycetes;o__Pleosporales;f__Pleosporales_fam_Incertae_sedis;g__Chalastospora;s__Chalastospora_gossypii,99.510,204,1,0,1,204,8,211,7.41e-103,372
OTU304:19grass,Cladophialophora_sp|MG760854|SH1529608.08FU|reps|k__Fungi;p__Ascomycota;c__Eurotiomycetes;o__Chaetothyriales;f__Herpotrichiellaceae;g__Cladophialophora;s__Cladophialophora_sp,94.964,139,6,1,56,194,1,138,3.47e-56,217
OTU309:6grass,Fungi_sp|KF800558|SH1516137.08FU|reps|k__Fungi;p__unidentified;c__unidentified;o__unidentified;f__unidentified;g__unidentified;s__Fungi_sp,100.000,84,0,0,1,84,1,84,2.79e-38,156
OTU312:5grass,Plectosphaerella_niemeijerarum|MG386080|SH2097256.08FU|refs|k__Fungi;p__Ascomycota;c__Sordariomycetes;o__Glomerellales;f__Plectosphaerellaceae;g__Plectosphaerella;s__Plectosphaerella_niemeijerarum,100.000,138,0,0,1,138,1,138,4.95e-68,255
OTU314:10grass,Phyllosticta_abieticola|KF170306|SH1639670.08FU|refs|k__Fungi;p__Ascomycota;c__Dothideomycetes;o__Botryosphaeriales;f__Phyllostictaceae;g__Phyllosticta;s__Phyllosticta_abieticola,89.344,244,7,5,1,225,1,244,8.51e-78,289
OTU317:19grass,Pleosporales_sp|JX136438|SH1524274.08FU|reps|k__Fungi;p__Ascomycota;c__Dothideomycetes;o__Pleosporales;f__unidentified;g__unidentified;s__Pleosporales_sp,99.422,173,1,0,25,197,1,173,1.22e-85,315
OTU318:12grass,Polyporales_sp|UDB0300725|SH1555630.08FU|reps|k__Fungi;p__Basidiomycota;c__Agaricomycetes;o__Polyporales;f__unidentified;g__unidentified;s__Polyporales_sp,100.000,201,0,0,1,201,10,210,7.29e-103,372
OTU319:6grass,Xenoramularia_arxii|KX287552|SH2337148.08FU|refs|k__Fungi;p__Ascomycota;c__Dothideomycetes;o__Capnodiales;f__Mycosphaerellaceae;g__Xenoramularia;s__Xenoramularia_arxii,100.000,145,0,0,1,145,1,145,6.74e-72,268
OTU332:5grass,Chaetothyriales_sp|JX984726|SH1560736.08FU|reps|k__Fungi;p__Ascomycota;c__Eurotiomycetes;o__Chaetothyriales;f__unidentified;g__unidentified;s__Chaetothyriales_sp,91.667,156,8,5,3,154,3,157,1.24e-54,211
OTU333:7grass,Papiliotrema_frias|FM178254|SH1650816.08FU|refs|k__Fungi;p__Basidiomycota;c__Tremellomycetes;o__Tremellales;f__Rhynchogastremataceae;g__Papiliotrema;s__Papiliotrema_frias,100.000,113,0,0,1,113,1,113,3.06e-54,209
OTU340:6grass,Tilletiopsis_washingtonensis|AB025686|SH1541583.08FU|refs|k__Fungi;p__Basidiomycota;c__Exobasidiomycetes;o__Entylomatales;f__Entylomatales_fam_Incertae_sedis;g__Tilletiopsis;s__Tilletiopsis_washingtonensis,98.876,178,0,2,1,178,8,183,3.02e-86,316
OTU342:7grass,Hispidoconidioma_alpinum|FR682370|SH1521449.08FU|reps|k__Fungi;p__Ascomycota;c__Dothideomycetes;o__Capnodiales;f__Capnodiales_fam_Incertae_sedis;g__Hispidoconidioma;s__Hispidoconidioma_alpinum,96.599,147,5,0,1,147,9,155,1.15e-64,244
OTU345:12grass,Malassezia_restricta|AY743636|SH1515384.08FU|refs|k__Fungi;p__Basidiomycota;c__Malasseziomycetes;o__Malasseziales;f__Malasseziaceae;g__Malassezia;s__Malassezia_restricta,96.040,101,2,2,1,100,9,108,6.40e-40,163
OTU345:12grass,Malassezia_restricta|AY743636|SH1515384.08FU|refs|k__Fungi;p__Basidiomycota;c__Malasseziomycetes;o__Malasseziales;f__Malasseziaceae;g__Malassezia;s__Malassezia_restricta,93.548,93,6,0,171,263,126,218,1.08e-32,139
OTU346:18grass,Aspergillus_proliferans|EF652064|SH2321658.08FU|refs_singleton|k__Fungi;p__Ascomycota;c__Eurotiomycetes;o__Eurotiales;f__Aspergillaceae;g__Aspergillus;s__Aspergillus_proliferans,100.000,142,0,0,1,142,12,153,3.06e-70,263
OTU347:48grass,Fungi_sp|KP889494|SH1144582.08FU|reps_singleton|k__Fungi;p__unidentified;c__unidentified;o__unidentified;f__unidentified;g__unidentified;s__Fungi_sp,100.000,257,0,0,1,257,1,257,7.05e-134,475
OTU351:5grass,Preussia_sp|MT644328|SH1642183.08FU|reps|k__Fungi;p__Ascomycota;c__Dothideomycetes;o__Pleosporales;f__Sporormiaceae;g__Preussia;s__Preussia_sp,97.872,188,1,2,1,188,1,185,6.90e-88,322
OTU357:18grass,Agaricomycetes_sp|JX136169|SH1565242.08FU|reps|k__Fungi;p__Basidiomycota;c__Agaricomycetes;o__unidentified;f__unidentified;g__unidentified;s__Agaricomycetes_sp,98.515,202,3,0,1,202,1,202,2.05e-98,357
OTU358:6grass,Xylaria_sp|FN435749|SH1191721.08FU|reps_singleton|k__Fungi;p__Ascomycota;c__Sordariomycetes;o__Xylariales;f__Xylariaceae;g__Xylaria;s__Xylaria_sp,99.029,206,0,2,4,208,1,205,9.80e-102,368
OTU366:22grass,Fungi_sp|JX363456|SH1657943.08FU|reps|k__Fungi;p__unidentified;c__unidentified;o__unidentified;f__unidentified;g__unidentified;s__Fungi_sp,91.758,182,11,4,1,180,1,180,3.14e-66,250
OTU370:45grass,Pestalotiopsis_shorea|KJ503811|SH2289979.08FU|refs|k__Fungi;p__Ascomycota;c__Sordariomycetes;o__Xylariales;f__Sporocadaceae;g__Pestalotiopsis;s__Pestalotiopsis_shorea,98.969,194,1,1,1,193,1,194,4.22e-95,346
OTU385:95grass,Preussia_tetramera|GQ203792|SH1640637.08FU|refs|k__Fungi;p__Ascomycota;c__Dothideomycetes;o__Pleosporales;f__Sporormiaceae;g__Preussia;s__Preussia_tetramera,86.364,154,14,7,1,152,6,154,1.24e-39,161
OTU399:134grass,Rachicladosporium_pini|UDB0749224|SH1574039.08FU|reps|k__Fungi;p__Ascomycota;c__Dothideomycetes;o__Capnodiales;f__Cladosporiaceae;g__Rachicladosporium;s__Rachicladosporium_pini,95.455,176,7,1,1,175,1,176,3.88e-75,279
OTU400:9grass,Erythrobasidiales_sp|JF495181|SH1181277.08FU|reps_singleton|k__Fungi;p__Basidiomycota;c__Cystobasidiomycetes;o__Erythrobasidiales;f__unidentified;g__unidentified;s__Erythrobasidiales_sp,97.857,140,3,0,1,140,12,151,3.92e-64,243
OTU403:9grass,Xylariales_sp|MN518367|SH1554922.08FU|reps|k__Fungi;p__Ascomycota;c__Sordariomycetes;o__Xylariales;f__unidentified;g__unidentified;s__Xylariales_sp,93.814,97,4,1,84,180,7,101,1.53e-34,145
OTU412:9grass,Dothideomycetes_sp|KP335391|SH1651346.08FU|reps|k__Fungi;p__Ascomycota;c__Dothideomycetes;o__unidentified;f__unidentified;g__unidentified;s__Dothideomycetes_sp,92.806,139,9,1,54,192,40,177,3.45e-51,200
OTU414:24grass,Ascomycota_sp|JX136392|SH1573473.08FU|reps|k__Fungi;p__Ascomycota;c__unidentified;o__unidentified;f__unidentified;g__unidentified;s__Ascomycota_sp,99.419,172,1,0,1,172,1,172,3.75e-85,313
OTU416:141grass,Fungi_sp|JX136055|SH1191796.08FU|reps_singleton|k__Fungi;p__unidentified;c__unidentified;o__unidentified;f__unidentified;g__unidentified;s__Fungi_sp,95.977,174,6,1,1,174,1,173,1.07e-75,281
OTU439:21grass,Malassezia_globosa|GU910156|SH1565713.08FU|reps|k__Fungi;p__Basidiomycota;c__Malasseziomycetes;o__Malasseziales;f__Malasseziaceae;g__Malassezia;s__Malassezia_globosa,96.269,268,1,4,1,266,21,281,1.61e-120,431
OTU442:6grass,Komagataella_phaffii|MT229304|SH3567650.08FU|reps_singleton|k__Fungi;p__Ascomycota;c__Saccharomycetes;o__Saccharomycetales;f__Phaffomycetaceae;g__Komagataella;s__Komagataella_phaffii,95.122,82,4,0,1,82,1,82,1.64e-30,130
OTU450:7grass,Fungi_sp|MF976644|SH1157721.08FU|reps_singleton|k__Fungi;p__unidentified;c__unidentified;o__unidentified;f__unidentified;g__unidentified;s__Fungi_sp,95.960,99,0,3,1,99,1,95,1.01e-38,158
OTU455:8grass,Cinereomyces_lindbladii|UDB016380|SH1519683.08FU|refs|k__Fungi;p__Basidiomycota;c__Agaricomycetes;o__Polyporales;f__Fomitopsidaceae;g__Cinereomyces;s__Cinereomyces_lindbladii,96.825,189,6,0,1,189,24,212,3.23e-86,316
OTU466:7grass,Seimatosporium_rosicola|MG828958|SH1931069.08FU|refs|k__Fungi;p__Ascomycota;c__Sordariomycetes;o__Xylariales;f__Amphisphaeriaceae;g__Seimatosporium;s__Seimatosporium_rosicola,98.964,193,0,2,1,192,9,200,1.51e-94,344
OTU471:6grass,Preussia_sp|GU909871|SH1170512.08FU|reps_singleton|k__Fungi;p__Ascomycota;c__Dothideomycetes;o__Pleosporales;f__Sporormiaceae;g__Preussia;s__Preussia_sp,99.291,141,0,1,1,140,20,160,1.81e-67,254
OTU475:8grass,Malassezia_globosa|GU291271|SH1565715.08FU|refs|k__Fungi;p__Basidiomycota;c__Malasseziomycetes;o__Malasseziales;f__Malasseziaceae;g__Malassezia;s__Malassezia_globosa,96.471,255,1,4,1,250,7,258,1.51e-115,414
OTU485:64grass,Fungi_sp|JF433019|SH1182856.08FU|reps_singleton|k__Fungi;p__unidentified;c__unidentified;o__unidentified;f__unidentified;g__unidentified;s__Fungi_sp,100.000,153,0,0,1,153,1,153,2.57e-76,283
OTU488:53grass,Phaeosphaeriaceae_sp|UDB0129623|SH1525179.08FU|reps|k__Fungi;p__Ascomycota;c__Dothideomycetes;o__Pleosporales;f__Phaeosphaeriaceae;g__unidentified;s__Phaeosphaeriaceae_sp,97.895,190,4,0,1,190,1,190,4.17e-90,329
OTU490:16grass,Trichodelitschia_bisporula|MH859305|SH2592106.08FU|reps_singleton|k__Fungi;p__Ascomycota;c__Dothideomycetes;o__Phaeotrichales;f__Phaeotrichaceae;g__Trichodelitschia;s__Trichodelitschia_bisporula,97.647,170,1,3,1,169,1,168,6.19e-78,289
OTU492:25grass,Fungi_sp|KX147795|SH1573476.08FU|reps|k__Fungi;p__unidentified;c__unidentified;o__unidentified;f__unidentified;g__unidentified;s__Fungi_sp,98.710,155,2,0,1,155,12,166,4.36e-74,276
OTU493:6grass,Phaeococcomyces_mexicanus|KJ152783|SH1560738.08FU|refs|k__Fungi;p__Ascomycota;c__Arthoniomycetes;o__Lichenostigmatales;f__Phaeococcomycetaceae;g__Phaeococcomyces;s__Phaeococcomyces_mexicanus,94.631,149,8,0,1,149,1,149,9.13e-61,231
OTU496:5grass,Pleosporales_sp|GU910346|SH1170511.08FU|reps_singleton|k__Fungi;p__Ascomycota;c__Dothideomycetes;o__Pleosporales;f__unidentified;g__unidentified;s__Pleosporales_sp,99.301,143,1,0,1,143,27,169,3.99e-69,259
OTU507:6grass,Penicillium_atramentosum|AF033483|SH1895988.08FU|refs|k__Fungi;p__Ascomycota;c__Eurotiomycetes;o__Eurotiales;f__Aspergillaceae;g__Penicillium;s__Penicillium_atramentosum,100.000,174,0,0,1,174,12,185,6.31e-88,322
OTU515:15grass,Malassezia_globosa|GU910156|SH1565713.08FU|reps|k__Fungi;p__Basidiomycota;c__Malasseziomycetes;o__Malasseziales;f__Malasseziaceae;g__Malassezia;s__Malassezia_globosa,100.000,261,0,0,1,261,21,281,4.29e-136,483
OTU522:8grass,Dothideomycetes_sp|MH862938|SH1574050.08FU|reps|k__Fungi;p__Ascomycota;c__Dothideomycetes;o__unidentified;f__unidentified;g__unidentified;s__Dothideomycetes_sp,98.148,162,3,0,1,162,1,162,2.74e-76,283
OTU528:29grass,Rhodotorula_nothofagi|AF444537|SH2108417.08FU|refs|k__Fungi;p__Basidiomycota;c__Microbotryomycetes;o__Sporidiobolales;f__Sporidiobolaceae;g__Rhodotorula;s__Rhodotorula_nothofagi,98.639,147,2,0,1,147,1,147,1.15e-69,261
OTU531:6grass,Leucosporidium_golubevii|AY212987|SH1651372.08FU|refs|k__Fungi;p__Basidiomycota;c__Microbotryomycetes;o__Leucosporidiales;f__Leucosporidiaceae;g__Leucosporidium;s__Leucosporidium_golubevii,100.000,151,0,0,1,151,12,162,3.27e-75,279
OTU534:7grass,Fungi_sp|KX147983|SH1571328.08FU|reps|k__Fungi;p__unidentified;c__unidentified;o__unidentified;f__unidentified;g__unidentified;s__Fungi_sp,98.837,172,0,1,1,170,12,183,6.19e-83,305
OTU557:12grass,Dactylidina_dactylidis|MG828886|SH1888240.08FU|refs|k__Fungi;p__Ascomycota;c__Dothideomycetes;o__Pleosporales;f__Phaeosphaeriaceae;g__Dactylidina;s__Dactylidina_dactylidis,97.895,190,4,0,1,190,1,190,4.17e-90,329
OTU562:24grass,Entyloma_chrysosplenii|AY854960|SH1516879.08FU|reps|k__Fungi;p__Basidiomycota;c__Exobasidiomycetes;o__Entylomatales;f__Entylomataceae;g__Entyloma;s__Entyloma_chrysosplenii,98.256,172,3,0,1,172,1,172,8.12e-82,302
OTU575:7grass,Geopyxis_rehmii|MK247627|SH1573892.08FU|reps|k__Fungi;p__Ascomycota;c__Pezizomycetes;o__Pezizales;f__Pyronemataceae;g__Geopyxis;s__Geopyxis_rehmii,92.547,161,11,1,32,192,113,272,4.41e-60,230
OTU586:26grass,Constantinomyces_minimus|AY843066|SH1521507.08FU|refs|k__Fungi;p__Ascomycota;c__Dothideomycetes;o__Capnodiales;f__Teratosphaeriaceae;g__Constantinomyces;s__Constantinomyces_minimus,97.931,145,3,0,1,145,6,150,6.79e-67,252
OTU595:89grass,Resinicium_bicolor|DQ218310|SH1509369.08FU|refs|k__Fungi;p__Basidiomycota;c__Agaricomycetes;o__Hymenochaetales;f__Hymenochaetales_fam_Incertae_sedis;g__Resinicium;s__Resinicium_bicolor,98.765,162,0,1,1,160,1,162,2.09e-77,287
OTU610:105grass,Cladosporium_delicatulum|HM148081|SH2320203.08FU|refs|k__Fungi;p__Ascomycota;c__Dothideomycetes;o__Capnodiales;f__Cladosporiaceae;g__Cladosporium;s__Cladosporium_delicatulum,98.710,155,1,1,1,154,12,166,1.56e-73,274
OTU618:20grass,Malassezia_sympodialis|AY743632|SH1553523.08FU|refs|k__Fungi;p__Basidiomycota;c__Malasseziomycetes;o__Malasseziales;f__Malasseziaceae;g__Malassezia;s__Malassezia_sympodialis,100.000,162,0,0,1,162,9,170,2.72e-81,300
OTU625:10grass,Fungi_sp|JX984753|SH1573478.08FU|reps|k__Fungi;p__unidentified;c__unidentified;o__unidentified;f__unidentified;g__unidentified;s__Fungi_sp,100.000,67,0,0,3,69,3,69,1.59e-28,124
OTU628:15grass,Malassezia_globosa|GU291271|SH1565715.08FU|refs|k__Fungi;p__Basidiomycota;c__Malasseziomycetes;o__Malasseziales;f__Malasseziaceae;g__Malassezia;s__Malassezia_globosa,100.000,252,0,0,1,252,7,258,4.15e-131,466
OTU647:8grass,Bovista_tomentosa|DQ112616|SH1556548.08FU|refs|k__Fungi;p__Basidiomycota;c__Agaricomycetes;o__Agaricales;f__Lycoperdaceae;g__Bovista;s__Bovista_tomentosa,98.545,275,2,2,1,275,6,278,1.26e-136,484
OTU655:12grass,Exserohilum_turcicum|KT253950|SH1654716.08FU|reps|k__Fungi;p__Ascomycota;c__Dothideomycetes;o__Pleosporales;f__Pleosporaceae;g__Exserohilum;s__Exserohilum_turcicum,100.000,168,0,0,1,168,38,205,1.31e-84,311
OTU684:8grass,Cladosporium_halotolerans|DQ780364|SH1966692.08FU|refs|k__Fungi;p__Ascomycota;c__Dothideomycetes;o__Capnodiales;f__Cladosporiaceae;g__Cladosporium;s__Cladosporium_halotolerans,100.000,156,0,0,1,156,8,163,5.64e-78,289
OTU823:16grass,Geopyxis_sp|GQ153219|SH1191681.08FU|reps_singleton|k__Fungi;p__Ascomycota;c__Pezizomycetes;o__Pezizales;f__Pyronemataceae;g__Geopyxis;s__Geopyxis_sp,93.243,222,10,4,25,242,12,232,9.10e-88,322
OTU865:5grass,Xenoteratosphaeria_jonkershoekensis|EU707864|SH1521515.08FU|reps|k__Fungi;p__Ascomycota;c__Dothideomycetes;o__Capnodiales;f__Teratosphaeriaceae;g__Xenoteratosphaeria;s__Xenoteratosphaeria_jonkershoekensis,94.366,142,8,0,3,144,3,144,6.83e-57,219
OTU870:9grass,Tremellales_sp|KR004852|SH2699652.08FU|reps|k__Fungi;p__Basidiomycota;c__Tremellomycetes;o__Tremellales;f__unidentified;g__unidentified;s__Tremellales_sp,92.553,94,4,3,3,96,9,99,5.61e-31,132
OTU873:16grass,Ascomycota_sp|AM921701|SH1231821.08FU|reps_singleton|k__Fungi;p__Ascomycota;c__unidentified;o__unidentified;f__unidentified;g__unidentified;s__Ascomycota_sp,98.026,152,3,0,1,152,9,160,9.22e-71,265
OTU914:16grass,Acanthobasidium_delicatum|MH861948|SH2591991.08FU|reps_singleton|k__Fungi;p__Basidiomycota;c__Agaricomycetes;o__Russulales;f__Stereaceae;g__Acanthobasidium;s__Acanthobasidium_delicatum,84.722,72,6,4,15,81,27,98,3.92e-11,67.6
OTU939:54grass,Malassezia_arunalokei|KM235691|SH1515385.08FU|refs|k__Fungi;p__Basidiomycota;c__Malasseziomycetes;o__Malasseziales;f__Malasseziaceae;g__Malassezia;s__Malassezia_arunalokei,96.226,212,5,3,1,211,19,228,1.68e-94,344
OTU940:8grass,Cutaneotrichosporon_jirovecii|AF444437|SH1802143.08FU|refs|k__Fungi;p__Basidiomycota;c__Tremellomycetes;o__Trichosporonales;f__Trichosporonaceae;g__Cutaneotrichosporon;s__Cutaneotrichosporon_jirovecii,100.000,115,0,0,1,115,1,115,2.42e-55,213
OTU984:140grass,Epicoccum_dendrobii|KY742093|SH2232041.08FU|refs|k__Fungi;p__Ascomycota;c__Dothideomycetes;o__Pleosporales;f__Didymellaceae;g__Epicoccum;s__Epicoccum_dendrobii,96.479,142,4,1,1,141,8,149,2.38e-61,233
OTU990:16grass,Fungi_sp|MF347783|SH1234532.08FU|reps_singleton|k__Fungi;p__unidentified;c__unidentified;o__unidentified;f__unidentified;g__unidentified;s__Fungi_sp,98.889,180,2,0,4,183,1,180,6.69e-88,322
OTU1028:13grass,Colletotrichum_graminicola|DQ126180|SH2699426.08FU|reps|k__Fungi;p__Ascomycota;c__Sordariomycetes;o__Glomerellales;f__Glomerellaceae;g__Colletotrichum;s__Colletotrichum_graminicola,96.591,176,6,0,3,178,1,176,5.08e-79,292
OTU1038:91grass,Fungi_sp|JX351215|SH1646012.08FU|reps|k__Fungi;p__unidentified;c__unidentified;o__unidentified;f__unidentified;g__unidentified;s__Fungi_sp,97.163,141,3,1,1,141,1,140,1.84e-62,237
OTU1050:28grass,Fungi_sp|MF971606|SH1246935.08FU|reps_singleton|k__Fungi;p__unidentified;c__unidentified;o__unidentified;f__unidentified;g__unidentified;s__Fungi_sp,95.775,142,4,2,1,142,1,140,1.12e-59,228
OTU1055:54grass,Dioszegia_rishiriensis|KY103358|SH1609782.08FU|refs|k__Fungi;p__Basidiomycota;c__Tremellomycetes;o__Tremellales;f__Bulleribasidiaceae;g__Dioszegia;s__Dioszegia_rishiriensis,96.000,100,4,0,1,100,1,100,2.10e-40,163
OTU1085:81grass,Fungi_sp|JX351215|SH1646012.08FU|reps|k__Fungi;p__unidentified;c__unidentified;o__unidentified;f__unidentified;g__unidentified;s__Fungi_sp,98.540,137,2,0,1,137,1,137,3.95e-64,243
OTU1096:28grass,Fungi_sp|MF971225|SH1240489.08FU|reps_singleton|k__Fungi;p__unidentified;c__unidentified;o__unidentified;f__unidentified;g__unidentified;s__Fungi_sp,96.454,141,5,0,1,141,1,141,2.38e-61,233
OTU1127:93grass,Fungi_sp|MF971872|SH1239435.08FU|reps_singleton|k__Fungi;p__unidentified;c__unidentified;o__unidentified;f__unidentified;g__unidentified;s__Fungi_sp,97.163,141,4,0,1,141,1,141,5.11e-63,239
OTU1143:153grass,Saccharomyces_cerevisiae|AB018043|SH1613178.08FU|refs|k__Fungi;p__Ascomycota;c__Saccharomycetes;o__Saccharomycetales;f__Saccharomycetaceae;g__Saccharomyces;s__Saccharomyces_cerevisiae,96.477,369,4,4,1,367,2,363,1.64e-171,601
OTU1153:94grass,Fungi_sp|MF971872|SH1239435.08FU|reps_singleton|k__Fungi;p__unidentified;c__unidentified;o__unidentified;f__unidentified;g__unidentified;s__Fungi_sp,97.183,142,2,2,1,141,1,141,5.11e-63,239
OTU1159:26grass,Fungi_sp|MF971225|SH1240489.08FU|reps_singleton|k__Fungi;p__unidentified;c__unidentified;o__unidentified;f__unidentified;g__unidentified;s__Fungi_sp,96.454,141,5,0,1,141,1,141,2.38e-61,233
OTU1185:103grass,Ascomycota_sp|KT161054|SH1145671.08FU|reps_singleton|k__Fungi;p__Ascomycota;c__unidentified;o__unidentified;f__unidentified;g__unidentified;s__Ascomycota_sp,97.468,158,4,0,1,158,1,158,2.07e-72,270
OTU1189:103grass,Epicoccum_dendrobii|KY742093|SH2232041.08FU|refs|k__Fungi;p__Ascomycota;c__Dothideomycetes;o__Pleosporales;f__Didymellaceae;g__Epicoccum;s__Epicoccum_dendrobii,96.479,142,5,0,1,142,8,149,6.67e-62,235
OTU1208:116grass,Ochrocladosporium_adansoniae|KF777176|SH1191789.08FU|refs_singleton|k__Fungi;p__Ascomycota;c__Dothideomycetes;o__Pleosporales;f__Pleosporales_fam_Incertae_sedis;g__Ochrocladosporium;s__Ochrocladosporium_adansoniae,89.157,166,14,4,3,166,8,171,2.26e-52,204
OTU1219:81grass,Bullera_crocea|AF444406|SH1609773.08FU|refs|k__Fungi;p__Basidiomycota;c__Tremellomycetes;o__Tremellales;f__Bulleraceae;g__Bullera;s__Bullera_crocea,100.000,100,0,0,1,100,1,100,4.59e-47,185
OTU1246:89grass,Fungi_sp|MF971225|SH1240489.08FU|reps_singleton|k__Fungi;p__unidentified;c__unidentified;o__unidentified;f__unidentified;g__unidentified;s__Fungi_sp,95.804,143,4,2,1,143,1,141,3.13e-60,230
OTU1247:96grass,Preussia_minipascua|UDB061175|SH1541791.08FU|reps|k__Fungi;p__Ascomycota;c__Dothideomycetes;o__Pleosporales;f__Sporormiaceae;g__Preussia;s__Preussia_minipascua,97.842,139,3,0,1,139,1,139,1.40e-63,241
OTU1248:80grass,Fungi_sp|JX351215|SH1646012.08FU|reps|k__Fungi;p__unidentified;c__unidentified;o__unidentified;f__unidentified;g__unidentified;s__Fungi_sp,98.571,140,2,0,1,140,1,140,8.42e-66,248
OTU1264:143grass,Epicoccum_dendrobii|KY742093|SH2232041.08FU|refs|k__Fungi;p__Ascomycota;c__Dothideomycetes;o__Pleosporales;f__Didymellaceae;g__Epicoccum;s__Epicoccum_dendrobii,95.775,142,6,0,1,142,8,149,3.10e-60,230
OTU1265:13grass,Colletotrichum_graminicola|DQ126180|SH2699426.08FU|reps|k__Fungi;p__Ascomycota;c__Sordariomycetes;o__Glomerellales;f__Glomerellaceae;g__Colletotrichum;s__Colletotrichum_graminicola,97.110,173,5,0,3,175,1,173,5.08e-79,292
OTU1306:80grass,Fungi_sp|MF971606|SH1246935.08FU|reps_singleton|k__Fungi;p__unidentified;c__unidentified;o__unidentified;f__unidentified;g__unidentified;s__Fungi_sp,95.775,142,4,2,1,142,1,140,1.12e-59,228
OTU1314:150grass,Cladosporium_delicatulum|HM148081|SH2320203.08FU|refs|k__Fungi;p__Ascomycota;c__Dothideomycetes;o__Capnodiales;f__Cladosporiaceae;g__Cladosporium;s__Cladosporium_delicatulum,98.026,152,3,0,1,152,12,163,9.43e-71,265
OTU1322:91grass,Epicoccum_dendrobii|KY742093|SH2232041.08FU|refs|k__Fungi;p__Ascomycota;c__Dothideomycetes;o__Pleosporales;f__Didymellaceae;g__Epicoccum;s__Epicoccum_dendrobii,97.203,143,2,2,1,142,8,149,1.43e-63,241
OTU1349:5grass,Fungi_sp|JX351215|SH1646012.08FU|reps|k__Fungi;p__unidentified;c__unidentified;o__unidentified;f__unidentified;g__unidentified;s__Fungi_sp,97.810,137,1,2,12,148,6,140,7.01e-62,235
OTU1404:98grass,Fungi_sp|JX136055|SH1191796.08FU|reps_singleton|k__Fungi;p__unidentified;c__unidentified;o__unidentified;f__unidentified;g__unidentified;s__Fungi_sp,97.688,173,4,0,1,173,1,173,1.06e-80,298
OTU1410:56grass,Vishniacozyma_victoriae|AF444469|SH1528207.08FU|refs|k__Fungi;p__Basidiomycota;c__Tremellomycetes;o__Tremellales;f__Bulleribasidiaceae;g__Vishniacozyma;s__Vishniacozyma_victoriae,96.992,133,4,0,1,133,1,133,1.33e-58,224
OTU1413:134grass,Bullera_crocea|AF444406|SH1609773.08FU|refs|k__Fungi;p__Basidiomycota;c__Tremellomycetes;o__Tremellales;f__Bulleraceae;g__Bullera;s__Bullera_crocea,98.058,103,2,0,1,103,1,103,2.16e-45,180
OTU1426:93grass,Fungi_sp|MF971872|SH1239435.08FU|reps_singleton|k__Fungi;p__unidentified;c__unidentified;o__unidentified;f__unidentified;g__unidentified;s__Fungi_sp,97.163,141,4,0,1,141,1,141,5.11e-63,239
OTU1434:28grass,Fungi_sp|MF971225|SH1240489.08FU|reps_singleton|k__Fungi;p__unidentified;c__unidentified;o__unidentified;f__unidentified;g__unidentified;s__Fungi_sp,96.454,141,5,0,1,141,1,141,2.38e-61,233
OTU1437:97grass,Pleosporales_sp|GU910939|SH1244249.08FU|reps_singleton|k__Fungi;p__Ascomycota;c__Dothideomycetes;o__Pleosporales;f__unidentified;g__unidentified;s__Pleosporales_sp,96.479,142,4,1,1,142,22,162,2.40e-61,233
OTU1439:25grass,Vishniacozyma_victoriae|AF444469|SH1528207.08FU|refs|k__Fungi;p__Basidiomycota;c__Tremellomycetes;o__Tremellales;f__Bulleribasidiaceae;g__Vishniacozyma;s__Vishniacozyma_victoriae,96.992,133,4,0,1,133,1,133,1.33e-58,224
OTU1462:16grass,Fungi_sp|MF971606|SH1246935.08FU|reps_singleton|k__Fungi;p__unidentified;c__unidentified;o__unidentified;f__unidentified;g__unidentified;s__Fungi_sp,96.454,141,3,2,1,141,1,139,8.63e-61,231
OTU1490:117grass,Epicoccum_dendrobii|KY742093|SH2232041.08FU|refs|k__Fungi;p__Ascomycota;c__Dothideomycetes;o__Pleosporales;f__Didymellaceae;g__Epicoccum;s__Epicoccum_dendrobii,96.479,142,5,0,1,142,8,149,6.67e-62,235
OTU1524:48grass,Fusarium_acutatum|AY213653|SH2456056.08FU|refs|k__Fungi;p__Ascomycota;c__Sordariomycetes;o__Hypocreales;f__Nectriaceae;g__Fusarium;s__Fusarium_acutatum,98.649,148,0,2,1,147,31,177,1.15e-69,261
OTU1543:9grass,Cladosporium_ramotenellum|EF679384|SH2320230.08FU|refs|k__Fungi;p__Ascomycota;c__Dothideomycetes;o__Capnodiales;f__Cladosporiaceae;g__Cladosporium;s__Cladosporium_ramotenellum,98.039,153,2,1,1,152,14,166,9.22e-71,265
OTU1559:97grass,Fungi_sp|JX351215|SH1646012.08FU|reps|k__Fungi;p__unidentified;c__unidentified;o__unidentified;f__unidentified;g__unidentified;s__Fungi_sp,98.540,137,2,0,1,137,1,137,3.95e-64,243
OTU1581:98grass,Fungi_sp|JX136055|SH1191796.08FU|reps_singleton|k__Fungi;p__unidentified;c__unidentified;o__unidentified;f__unidentified;g__unidentified;s__Fungi_sp,95.954,173,6,1,1,172,1,173,3.80e-75,279
OTU1584:112grass,Fungi_sp|MF971225|SH1240489.08FU|reps_singleton|k__Fungi;p__unidentified;c__unidentified;o__unidentified;f__unidentified;g__unidentified;s__Fungi_sp,96.454,141,5,0,1,141,1,141,2.38e-61,233
OTU1597:93grass,Fungi_sp|MF971872|SH1239435.08FU|reps_singleton|k__Fungi;p__unidentified;c__unidentified;o__unidentified;f__unidentified;g__unidentified;s__Fungi_sp,97.163,141,4,0,1,141,1,141,5.11e-63,239
OTU1603:24grass,Cladosporium_ramotenellum|EF679384|SH2320230.08FU|refs|k__Fungi;p__Ascomycota;c__Dothideomycetes;o__Capnodiales;f__Cladosporiaceae;g__Cladosporium;s__Cladosporium_ramotenellum,96.078,153,5,1,1,152,14,166,9.29e-66,248
OTU1615:5grass,Ascomycota_sp|UDB048607|SH1572820.08FU|reps|k__Fungi;p__Ascomycota;c__unidentified;o__unidentified;f__unidentified;g__unidentified;s__Ascomycota_sp,96.753,154,5,0,1,154,1,154,1.57e-68,257
OTU1618:93grass,Fungi_sp|MF971872|SH1239435.08FU|reps_singleton|k__Fungi;p__unidentified;c__unidentified;o__unidentified;f__unidentified;g__unidentified;s__Fungi_sp,97.163,141,4,0,1,141,1,141,5.11e-63,239
OTU1664:94grass,Preussia_sp|GU909871|SH1170512.08FU|reps_singleton|k__Fungi;p__Ascomycota;c__Dothideomycetes;o__Pleosporales;f__Sporormiaceae;g__Preussia;s__Preussia_sp,98.592,142,0,2,1,141,20,160,2.36e-66,250
OTU1694:109grass,Fungi_sp|JX351215|SH1646012.08FU|reps|k__Fungi;p__unidentified;c__unidentified;o__unidentified;f__unidentified;g__unidentified;s__Fungi_sp,97.163,141,3,1,1,141,1,140,1.84e-62,237
OTU1709:93grass,Fungi_sp|MF971872|SH1239435.08FU|reps_singleton|k__Fungi;p__unidentified;c__unidentified;o__unidentified;f__unidentified;g__unidentified;s__Fungi_sp,97.163,141,4,0,1,141,1,141,5.11e-63,239
OTU1715:5grass,Ascomycota_sp|UDB048607|SH1572820.08FU|reps|k__Fungi;p__Ascomycota;c__unidentified;o__unidentified;f__unidentified;g__unidentified;s__Ascomycota_sp,99.315,146,1,0,8,153,9,154,9.29e-71,265
OTU1749:93grass,Fungi_sp|MF971872|SH1239435.08FU|reps_singleton|k__Fungi;p__unidentified;c__unidentified;o__unidentified;f__unidentified;g__unidentified;s__Fungi_sp,97.163,141,4,0,1,141,1,141,5.11e-63,239
OTU1760:9grass,Tremellales_sp|KM216348|SH1574513.08FU|reps|k__Fungi;p__Basidiomycota;c__Tremellomycetes;o__Tremellales;f__unidentified;g__unidentified;s__Tremellales_sp,96.094,128,3,2,22,147,1,128,1.51e-53,207
OTU1816:23grass,Epicoccum_dendrobii|KY742093|SH2232041.08FU|refs|k__Fungi;p__Ascomycota;c__Dothideomycetes;o__Pleosporales;f__Didymellaceae;g__Epicoccum;s__Epicoccum_dendrobii,96.479,142,5,0,1,142,8,149,6.67e-62,235
OTU1852:89grass,Fungi_sp|MF971225|SH1240489.08FU|reps_singleton|k__Fungi;p__unidentified;c__unidentified;o__unidentified;f__unidentified;g__unidentified;s__Fungi_sp,95.804,143,4,2,1,143,1,141,3.13e-60,230
OTU1858:118grass,Ascomycota_sp|UDB048607|SH1572820.08FU|reps|k__Fungi;p__Ascomycota;c__unidentified;o__unidentified;f__unidentified;g__unidentified;s__Ascomycota_sp,96.104,154,6,0,1,154,1,154,7.29e-67,252
OTU1893:88grass,Fungi_sp|MF971606|SH1246935.08FU|reps_singleton|k__Fungi;p__unidentified;c__unidentified;o__unidentified;f__unidentified;g__unidentified;s__Fungi_sp,97.163,141,3,1,1,141,1,140,1.84e-62,237
OTU1910:91grass,Fungi_sp|JX351215|SH1646012.08FU|reps|k__Fungi;p__unidentified;c__unidentified;o__unidentified;f__unidentified;g__unidentified;s__Fungi_sp,95.070,142,5,2,1,142,1,140,5.19e-58,222
OTU1914:100grass,Fungi_sp|JX351215|SH1646012.08FU|reps|k__Fungi;p__unidentified;c__unidentified;o__unidentified;f__unidentified;g__unidentified;s__Fungi_sp,95.775,142,4,2,1,142,1,140,1.12e-59,228
OTU1931:104grass,Epicoccum_dendrobii|KY742093|SH2232041.08FU|refs|k__Fungi;p__Ascomycota;c__Dothideomycetes;o__Pleosporales;f__Didymellaceae;g__Epicoccum;s__Epicoccum_dendrobii,96.479,142,4,1,1,141,8,149,2.38e-61,233
OTU1946:107grass,Fungi_sp|JX351215|SH1646012.08FU|reps|k__Fungi;p__unidentified;c__unidentified;o__unidentified;f__unidentified;g__unidentified;s__Fungi_sp,97.163,141,3,1,1,141,1,140,1.84e-62,237
OTU1957:100grass,Epicoccum_dendrobii|KY742093|SH2232041.08FU|refs|k__Fungi;p__Ascomycota;c__Dothideomycetes;o__Pleosporales;f__Didymellaceae;g__Epicoccum;s__Epicoccum_dendrobii,96.479,142,5,0,1,142,8,149,6.67e-62,235
OTU1975:94grass,Preussia_sp|GU909871|SH1170512.08FU|reps_singleton|k__Fungi;p__Ascomycota;c__Dothideomycetes;o__Pleosporales;f__Sporormiaceae;g__Preussia;s__Preussia_sp,97.183,142,3,1,1,142,20,160,5.16e-63,239
OTU2002:7grass,Pleosporales_sp|AM262381|SH1573191.08FU|reps|k__Fungi;p__Ascomycota;c__Dothideomycetes;o__Pleosporales;f__unidentified;g__unidentified;s__Pleosporales_sp,90.286,175,15,2,1,174,3,176,1.42e-59,228
OTU2022:95grass,Fungi_sp|MF971606|SH1246935.08FU|reps_singleton|k__Fungi;p__unidentified;c__unidentified;o__unidentified;f__unidentified;g__unidentified;s__Fungi_sp,97.163,141,3,1,1,141,1,140,1.84e-62,237
OTU2056:56grass,Alternaria_eureka|JN383490|SH1664237.08FU|refs|k__Fungi;p__Ascomycota;c__Dothideomycetes;o__Pleosporales;f__Pleosporaceae;g__Alternaria;s__Alternaria_eureka,94.611,167,5,3,1,165,26,190,6.11e-68,255
OTU2061:110grass,Fungi_sp|MF971225|SH1240489.08FU|reps_singleton|k__Fungi;p__unidentified;c__unidentified;o__unidentified;f__unidentified;g__unidentified;s__Fungi_sp,96.454,141,5,0,1,141,1,141,2.38e-61,233
OTU2143:28grass,Vishniacozyma_victoriae|AF444469|SH1528207.08FU|refs|k__Fungi;p__Basidiomycota;c__Tremellomycetes;o__Tremellales;f__Bulleribasidiaceae;g__Vishniacozyma;s__Vishniacozyma_victoriae,98.462,130,2,0,1,130,1,130,2.84e-60,230
OTU2144:84grass,Malassezia_restricta|AY743636|SH1515384.08FU|refs|k__Fungi;p__Basidiomycota;c__Malasseziomycetes;o__Malasseziales;f__Malasseziaceae;g__Malassezia;s__Malassezia_restricta,95.755,212,5,3,1,210,9,218,7.76e-93,339
OTU2151:88grass,Fungi_sp|MF971225|SH1240489.08FU|reps_singleton|k__Fungi;p__unidentified;c__unidentified;o__unidentified;f__unidentified;g__unidentified;s__Fungi_sp,96.454,141,5,0,1,141,1,141,2.38e-61,233
OTU2154:100grass,Fungi_sp|JX351215|SH1646012.08FU|reps|k__Fungi;p__unidentified;c__unidentified;o__unidentified;f__unidentified;g__unidentified;s__Fungi_sp,95.070,142,5,2,1,142,1,140,5.19e-58,222
OTU2161:7grass,Fungi_sp|JX363566|SH1573192.08FU|reps|k__Fungi;p__unidentified;c__unidentified;o__unidentified;f__unidentified;g__unidentified;s__Fungi_sp,88.957,163,18,0,1,163,1,163,7.96e-52,202
OTU2164:93grass,Fungi_sp|MF971872|SH1239435.08FU|reps_singleton|k__Fungi;p__unidentified;c__unidentified;o__unidentified;f__unidentified;g__unidentified;s__Fungi_sp,97.163,141,4,0,1,141,1,141,5.11e-63,239
OTU2167:28grass,Fungi_sp|MF971225|SH1240489.08FU|reps_singleton|k__Fungi;p__unidentified;c__unidentified;o__unidentified;f__unidentified;g__unidentified;s__Fungi_sp,96.503,143,3,2,1,143,1,141,6.72e-62,235
OTU2177:14grass,Fungi_sp|JX351215|SH1646012.08FU|reps|k__Fungi;p__unidentified;c__unidentified;o__unidentified;f__unidentified;g__unidentified;s__Fungi_sp,95.775,142,4,2,1,142,1,140,1.12e-59,228
OTU2180:97grass,Fungi_sp|MF971606|SH1246935.08FU|reps_singleton|k__Fungi;p__unidentified;c__unidentified;o__unidentified;f__unidentified;g__unidentified;s__Fungi_sp,97.857,140,2,1,2,141,2,140,1.42e-63,241
OTU2185:88grass,Fungi_sp|JX351215|SH1646012.08FU|reps|k__Fungi;p__unidentified;c__unidentified;o__unidentified;f__unidentified;g__unidentified;s__Fungi_sp,97.163,141,3,1,1,141,1,140,1.84e-62,237
OTU2192:24grass,Cladosporium_ramotenellum|EF679384|SH2320230.08FU|refs|k__Fungi;p__Ascomycota;c__Dothideomycetes;o__Capnodiales;f__Cladosporiaceae;g__Cladosporium;s__Cladosporium_ramotenellum,96.753,154,4,1,1,154,14,166,5.64e-68,255
OTU2252:28grass,Fungi_sp|MF971225|SH1240489.08FU|reps_singleton|k__Fungi;p__unidentified;c__unidentified;o__unidentified;f__unidentified;g__unidentified;s__Fungi_sp,96.454,141,5,0,1,141,1,141,2.38e-61,233
OTU2254:89grass,Fungi_sp|MF971225|SH1240489.08FU|reps_singleton|k__Fungi;p__unidentified;c__unidentified;o__unidentified;f__unidentified;g__unidentified;s__Fungi_sp,95.804,143,4,2,1,143,1,141,3.13e-60,230
OTU2256:105grass,Epicoccum_dendrobii|KY742093|SH2232041.08FU|refs|k__Fungi;p__Ascomycota;c__Dothideomycetes;o__Pleosporales;f__Didymellaceae;g__Epicoccum;s__Epicoccum_dendrobii,96.479,142,5,0,1,142,8,149,6.67e-62,235
OTU2272:91grass,Cladosporiaceae_sp|KC216134|SH1651204.08FU|reps|k__Fungi;p__Ascomycota;c__Dothideomycetes;o__Capnodiales;f__Cladosporiaceae;g__unidentified;s__Cladosporiaceae_sp,98.718,156,0,2,1,155,1,155,4.36e-74,276
OTU2287:112grass,Epicoccum_dendrobii|KY742093|SH2232041.08FU|refs|k__Fungi;p__Ascomycota;c__Dothideomycetes;o__Pleosporales;f__Didymellaceae;g__Epicoccum;s__Epicoccum_dendrobii,96.479,142,5,0,1,142,8,149,6.67e-62,235
OTU2294:89grass,Fungi_sp|MF971225|SH1240489.08FU|reps_singleton|k__Fungi;p__unidentified;c__unidentified;o__unidentified;f__unidentified;g__unidentified;s__Fungi_sp,95.804,143,4,2,1,143,1,141,3.13e-60,230
OTU2297:81grass,Fungi_sp|JX351215|SH1646012.08FU|reps|k__Fungi;p__unidentified;c__unidentified;o__unidentified;f__unidentified;g__unidentified;s__Fungi_sp,98.485,132,2,0,1,132,1,132,2.30e-61,233
OTU2298:93grass,Fungi_sp|MF971872|SH1239435.08FU|reps_singleton|k__Fungi;p__unidentified;c__unidentified;o__unidentified;f__unidentified;g__unidentified;s__Fungi_sp,97.163,141,4,0,1,141,1,141,5.11e-63,239
OTU2303:26grass,Epicoccum_dendrobii|KY742093|SH2232041.08FU|refs|k__Fungi;p__Ascomycota;c__Dothideomycetes;o__Pleosporales;f__Didymellaceae;g__Epicoccum;s__Epicoccum_dendrobii,96.479,142,5,0,1,142,8,149,6.67e-62,235
OTU2321:14grass,Dioszegia_rishiriensis|KY103358|SH1609782.08FU|refs|k__Fungi;p__Basidiomycota;c__Tremellomycetes;o__Tremellales;f__Bulleribasidiaceae;g__Dioszegia;s__Dioszegia_rishiriensis,96.000,100,4,0,1,100,1,100,2.10e-40,163
OTU2325:138grass,Preussia_sp|GU909871|SH1170512.08FU|reps_singleton|k__Fungi;p__Ascomycota;c__Dothideomycetes;o__Pleosporales;f__Sporormiaceae;g__Preussia;s__Preussia_sp,97.872,141,2,1,1,140,20,160,3.92e-64,243
OTU2384:7grass,Periconia_homothallica|AB809645|SH1573195.08FU|refs|k__Fungi;p__Ascomycota;c__Dothideomycetes;o__Pleosporales;f__Periconiaceae;g__Periconia;s__Periconia_homothallica,92.143,140,9,2,25,163,35,173,3.70e-50,196
OTU2399:14grass,Cladosporium_grevilleae|JF770450|SH2320233.08FU|refs|k__Fungi;p__Ascomycota;c__Dothideomycetes;o__Capnodiales;f__Cladosporiaceae;g__Cladosporium;s__Cladosporium_grevilleae,99.200,125,0,1,42,165,49,173,1.72e-58,224
OTU2413:112grass,Fungi_sp|MF971225|SH1240489.08FU|reps_singleton|k__Fungi;p__unidentified;c__unidentified;o__unidentified;f__unidentified;g__unidentified;s__Fungi_sp,97.163,141,4,0,1,141,1,141,5.11e-63,239
OTU2421:89grass,Fungi_sp|MF971225|SH1240489.08FU|reps_singleton|k__Fungi;p__unidentified;c__unidentified;o__unidentified;f__unidentified;g__unidentified;s__Fungi_sp,95.105,143,5,2,1,143,1,141,1.46e-58,224
OTU2425:88grass,Fungi_sp|MF971225|SH1240489.08FU|reps_singleton|k__Fungi;p__unidentified;c__unidentified;o__unidentified;f__unidentified;g__unidentified;s__Fungi_sp,96.454,141,5,0,1,141,1,141,2.38e-61,233
OTU2429:106grass,Dioszegia_rishiriensis|KY103358|SH1609782.08FU|refs|k__Fungi;p__Basidiomycota;c__Tremellomycetes;o__Tremellales;f__Bulleribasidiaceae;g__Dioszegia;s__Dioszegia_rishiriensis,96.000,100,4,0,1,100,1,100,2.10e-40,163
OTU2432:53grass,Fusicladium_fagi|EU035431|SH1626902.08FU|refs|k__Fungi;p__Ascomycota;c__Dothideomycetes;o__Venturiales;f__Sympoventuriaceae;g__Fusicladium;s__Fusicladium_fagi,94.937,158,6,2,1,157,24,180,3.47e-65,246
OTU2441:91grass,Fungi_sp|JX351215|SH1646012.08FU|reps|k__Fungi;p__unidentified;c__unidentified;o__unidentified;f__unidentified;g__unidentified;s__Fungi_sp,95.775,142,4,2,1,142,1,140,1.12e-59,228
OTU2465:120grass,Epicoccum_dendrobii|KY742093|SH2232041.08FU|refs|k__Fungi;p__Ascomycota;c__Dothideomycetes;o__Pleosporales;f__Didymellaceae;g__Epicoccum;s__Epicoccum_dendrobii,96.479,142,4,1,1,141,8,149,2.38e-61,233
OTU2467:72grass,Preussia_sp|GU909871|SH1170512.08FU|reps_singleton|k__Fungi;p__Ascomycota;c__Dothideomycetes;o__Pleosporales;f__Sporormiaceae;g__Preussia;s__Preussia_sp,99.242,132,1,0,1,132,20,151,4.98e-63,239
OTU2470:128grass,Cladosporium_delicatulum|HM148081|SH2320203.08FU|refs|k__Fungi;p__Ascomycota;c__Dothideomycetes;o__Capnodiales;f__Cladosporiaceae;g__Cladosporium;s__Cladosporium_delicatulum,97.419,155,3,1,1,154,12,166,3.37e-70,263
OTU2516:8grass,Fungi_sp|JX351215|SH1646012.08FU|reps|k__Fungi;p__unidentified;c__unidentified;o__unidentified;f__unidentified;g__unidentified;s__Fungi_sp,97.163,141,3,1,1,141,1,140,1.84e-62,237
OTU2523:28grass,Periconia_homothallica|AB809645|SH1573195.08FU|refs|k__Fungi;p__Ascomycota;c__Dothideomycetes;o__Pleosporales;f__Periconiaceae;g__Periconia;s__Periconia_homothallica,93.130,131,9,0,33,163,43,173,4.79e-49,193
OTU2532:124grass,Ascomycota_sp|UDB0442417|SH1515157.08FU|reps|k__Fungi;p__Ascomycota;c__unidentified;o__unidentified;f__unidentified;g__unidentified;s__Ascomycota_sp,97.765,179,4,0,1,179,1,179,5.08e-84,309
OTU2540:32grass,Vishniacozyma_victoriae|AF444469|SH1528207.08FU|refs|k__Fungi;p__Basidiomycota;c__Tremellomycetes;o__Tremellales;f__Bulleribasidiaceae;g__Vishniacozyma;s__Vishniacozyma_victoriae,96.992,133,4,0,1,133,1,133,1.33e-58,224
OTU2553:95grass,Fungi_sp|JX351215|SH1646012.08FU|reps|k__Fungi;p__unidentified;c__unidentified;o__unidentified;f__unidentified;g__unidentified;s__Fungi_sp,95.070,142,5,2,1,142,1,140,5.19e-58,222
OTU2558:89grass,Fungi_sp|JX351215|SH1646012.08FU|reps|k__Fungi;p__unidentified;c__unidentified;o__unidentified;f__unidentified;g__unidentified;s__Fungi_sp,95.804,143,3,3,1,143,1,140,1.13e-59,228
OTU2744:79grass,Fungi_sp|MF971225|SH1240489.08FU|reps_singleton|k__Fungi;p__unidentified;c__unidentified;o__unidentified;f__unidentified;g__unidentified;s__Fungi_sp,97.143,140,4,0,2,141,2,141,1.84e-62,237
OTU2755:110grass,Fungi_sp|JX351215|SH1646012.08FU|reps|k__Fungi;p__unidentified;c__unidentified;o__unidentified;f__unidentified;g__unidentified;s__Fungi_sp,97.163,141,3,1,1,141,1,140,1.84e-62,237
OTU2758:159grass,Vishniacozyma_victoriae|AF444469|SH1528207.08FU|refs|k__Fungi;p__Basidiomycota;c__Tremellomycetes;o__Tremellales;f__Bulleribasidiaceae;g__Vishniacozyma;s__Vishniacozyma_victoriae,97.692,130,3,0,1,130,1,130,1.33e-58,224
OTU2760:89grass,Fungi_sp|MF971225|SH1240489.08FU|reps_singleton|k__Fungi;p__unidentified;c__unidentified;o__unidentified;f__unidentified;g__unidentified;s__Fungi_sp,95.804,143,4,2,1,143,1,141,3.13e-60,230
OTU2767:91grass,Fungi_sp|JX351215|SH1646012.08FU|reps|k__Fungi;p__unidentified;c__unidentified;o__unidentified;f__unidentified;g__unidentified;s__Fungi_sp,98.485,132,2,0,1,132,1,132,2.30e-61,233
OTU2772:88grass,Fungi_sp|MF971225|SH1240489.08FU|reps_singleton|k__Fungi;p__unidentified;c__unidentified;o__unidentified;f__unidentified;g__unidentified;s__Fungi_sp,96.454,141,5,0,1,141,1,141,2.38e-61,233
OTU2774:96grass,Fungi_sp|JX351215|SH1646012.08FU|reps|k__Fungi;p__unidentified;c__unidentified;o__unidentified;f__unidentified;g__unidentified;s__Fungi_sp,95.070,142,5,2,1,142,1,140,5.19e-58,222
OTU2797:107grass,Fungi_sp|MF971225|SH1240489.08FU|reps_singleton|k__Fungi;p__unidentified;c__unidentified;o__unidentified;f__unidentified;g__unidentified;s__Fungi_sp,96.454,141,5,0,1,141,1,141,2.38e-61,233
OTU2799:110grass,Fungi_sp|MF971606|SH1246935.08FU|reps_singleton|k__Fungi;p__unidentified;c__unidentified;o__unidentified;f__unidentified;g__unidentified;s__Fungi_sp,97.163,141,3,1,1,141,1,140,1.84e-62,237
OTU2800:88grass,Fungi_sp|MF971606|SH1246935.08FU|reps_singleton|k__Fungi;p__unidentified;c__unidentified;o__unidentified;f__unidentified;g__unidentified;s__Fungi_sp,97.163,141,3,1,1,141,1,140,1.84e-62,237
OTU2805:88grass,Fungi_sp|MF971225|SH1240489.08FU|reps_singleton|k__Fungi;p__unidentified;c__unidentified;o__unidentified;f__unidentified;g__unidentified;s__Fungi_sp,96.454,141,5,0,1,141,1,141,2.38e-61,233
OTU2816:28grass,Fungi_sp|JX351215|SH1646012.08FU|reps|k__Fungi;p__unidentified;c__unidentified;o__unidentified;f__unidentified;g__unidentified;s__Fungi_sp,96.454,141,3,2,2,142,2,140,8.63e-61,231
OTU2827:93grass,Vishniacozyma_victoriae|AF444469|SH1528207.08FU|refs|k__Fungi;p__Basidiomycota;c__Tremellomycetes;o__Tremellales;f__Bulleribasidiaceae;g__Vishniacozyma;s__Vishniacozyma_victoriae,97.727,132,3,0,1,132,1,132,1.03e-59,228
OTU2831:31grass,Epicoccum_dendrobii|KY742093|SH2232041.08FU|refs|k__Fungi;p__Ascomycota;c__Dothideomycetes;o__Pleosporales;f__Didymellaceae;g__Epicoccum;s__Epicoccum_dendrobii,96.479,142,5,0,1,142,8,149,6.67e-62,235
OTU2839:138grass,Preussia_sp|GU909871|SH1170512.08FU|reps_singleton|k__Fungi;p__Ascomycota;c__Dothideomycetes;o__Pleosporales;f__Sporormiaceae;g__Preussia;s__Preussia_sp,100.000,131,0,0,1,131,20,150,3.82e-64,243
OTU2881:93grass,Fungi_sp|MF971872|SH1239435.08FU|reps_singleton|k__Fungi;p__unidentified;c__unidentified;o__unidentified;f__unidentified;g__unidentified;s__Fungi_sp,97.872,141,3,0,1,141,1,141,1.10e-64,244
OTU2893:80grass,Fungi_sp|MF971225|SH1240489.08FU|reps_singleton|k__Fungi;p__unidentified;c__unidentified;o__unidentified;f__unidentified;g__unidentified;s__Fungi_sp,97.143,140,4,0,2,141,2,141,1.84e-62,237
OTU2905:91grass,Dioszegia_rishiriensis|KY103358|SH1609782.08FU|refs|k__Fungi;p__Basidiomycota;c__Tremellomycetes;o__Tremellales;f__Bulleribasidiaceae;g__Dioszegia;s__Dioszegia_rishiriensis,96.000,100,4,0,1,100,1,100,2.10e-40,163
OTU2940:7grass,Pleosporales_sp|AM262381|SH1573191.08FU|reps|k__Fungi;p__Ascomycota;c__Dothideomycetes;o__Pleosporales;f__unidentified;g__unidentified;s__Pleosporales_sp,90.714,140,11,2,24,162,38,176,7.96e-47,185
OTU3141:140grass,Bullera_crocea|AF444406|SH1609773.08FU|refs|k__Fungi;p__Basidiomycota;c__Tremellomycetes;o__Tremellales;f__Bulleraceae;g__Bullera;s__Bullera_crocea,98.058,103,2,0,1,103,1,103,2.16e-45,180
OTU3145:81grass,Cladosporium_ramotenellum|EF679384|SH2320230.08FU|refs|k__Fungi;p__Ascomycota;c__Dothideomycetes;o__Capnodiales;f__Cladosporiaceae;g__Cladosporium;s__Cladosporium_ramotenellum,97.386,153,2,2,1,151,14,166,4.26e-69,259
OTU3158:89grass,Fungi_sp|MF971225|SH1240489.08FU|reps_singleton|k__Fungi;p__unidentified;c__unidentified;o__unidentified;f__unidentified;g__unidentified;s__Fungi_sp,95.804,143,4,2,1,143,1,141,3.13e-60,230
OTU3162:102grass,Epicoccum_dendrobii|KY742093|SH2232041.08FU|refs|k__Fungi;p__Ascomycota;c__Dothideomycetes;o__Pleosporales;f__Didymellaceae;g__Epicoccum;s__Epicoccum_dendrobii,96.479,142,5,0,1,142,8,149,6.67e-62,235
OTU3194:80grass,Fungi_sp|JX351215|SH1646012.08FU|reps|k__Fungi;p__unidentified;c__unidentified;o__unidentified;f__unidentified;g__unidentified;s__Fungi_sp,97.842,139,3,0,1,139,1,139,1.42e-63,241
OTU3238:119grass,Vishniacozyma_victoriae|AF444469|SH1528207.08FU|refs|k__Fungi;p__Basidiomycota;c__Tremellomycetes;o__Tremellales;f__Bulleribasidiaceae;g__Vishniacozyma;s__Vishniacozyma_victoriae,96.992,133,4,0,1,133,1,133,1.33e-58,224
OTU3247:106grass,Fungi_sp|JX363566|SH1573192.08FU|reps|k__Fungi;p__unidentified;c__unidentified;o__unidentified;f__unidentified;g__unidentified;s__Fungi_sp,89.571,163,17,0,1,163,1,163,1.71e-53,207
OTU3251:94grass,Fungi_sp|JX351215|SH1646012.08FU|reps|k__Fungi;p__unidentified;c__unidentified;o__unidentified;f__unidentified;g__unidentified;s__Fungi_sp,97.163,141,2,2,1,140,1,140,1.82e-62,237
OTU3265:26grass,Fungi_sp|MF971606|SH1246935.08FU|reps_singleton|k__Fungi;p__unidentified;c__unidentified;o__unidentified;f__unidentified;g__unidentified;s__Fungi_sp,95.775,142,4,2,1,142,1,140,1.12e-59,228
OTU3267:16grass,Fungi_sp|MF971606|SH1246935.08FU|reps_singleton|k__Fungi;p__unidentified;c__unidentified;o__unidentified;f__unidentified;g__unidentified;s__Fungi_sp,95.070,142,4,3,1,141,1,140,1.85e-57,220
OTU3270:115grass,Kabatiella_lini|FJ150897|SH2150057.08FU|refs|k__Fungi;p__Ascomycota;c__Dothideomycetes;o__Dothideales;f__Aureobasidiaceae;g__Kabatiella;s__Kabatiella_lini,98.324,179,2,1,1,178,8,186,3.90e-85,313
OTU3293:13grass,Tremellales_sp|KM216348|SH1574513.08FU|reps|k__Fungi;p__Basidiomycota;c__Tremellomycetes;o__Tremellales;f__unidentified;g__unidentified;s__Tremellales_sp,96.850,127,4,0,22,148,1,127,3.31e-55,213
OTU3304:26grass,Vishniacozyma_victoriae|AF444469|SH1528207.08FU|refs|k__Fungi;p__Basidiomycota;c__Tremellomycetes;o__Tremellales;f__Bulleribasidiaceae;g__Vishniacozyma;s__Vishniacozyma_victoriae,99.225,129,1,0,1,129,1,129,2.20e-61,233
OTU3366:22grass,Vishniacozyma_victoriae|AF444469|SH1528207.08FU|refs|k__Fungi;p__Basidiomycota;c__Tremellomycetes;o__Tremellales;f__Bulleribasidiaceae;g__Vishniacozyma;s__Vishniacozyma_victoriae,97.692,130,3,0,1,130,1,130,1.33e-58,224
OTU3386:143grass,Epicoccum_dendrobii|KY742093|SH2232041.08FU|refs|k__Fungi;p__Ascomycota;c__Dothideomycetes;o__Pleosporales;f__Didymellaceae;g__Epicoccum;s__Epicoccum_dendrobii,95.775,142,6,0,1,142,8,149,3.10e-60,230
OTU3388:18grass,Ochrocladosporium_adansoniae|KF777176|SH1191789.08FU|refs_singleton|k__Fungi;p__Ascomycota;c__Dothideomycetes;o__Pleosporales;f__Pleosporales_fam_Incertae_sedis;g__Ochrocladosporium;s__Ochrocladosporium_adansoniae,91.946,149,8,4,20,166,25,171,6.28e-53,206
OTU3389:113grass,Ascomycota_sp|UDB048607|SH1572820.08FU|reps|k__Fungi;p__Ascomycota;c__unidentified;o__unidentified;f__unidentified;g__unidentified;s__Ascomycota_sp,96.753,154,5,0,1,154,1,154,1.57e-68,257
OTU3399:97grass,Fungi_sp|JX363566|SH1573192.08FU|reps|k__Fungi;p__unidentified;c__unidentified;o__unidentified;f__unidentified;g__unidentified;s__Fungi_sp,88.957,163,18,0,1,163,1,163,7.96e-52,202
OTU3417:150grass,Vishniacozyma_victoriae|AF444469|SH1528207.08FU|refs|k__Fungi;p__Basidiomycota;c__Tremellomycetes;o__Tremellales;f__Bulleribasidiaceae;g__Vishniacozyma;s__Vishniacozyma_victoriae,96.992,133,4,0,1,133,1,133,1.33e-58,224
OTU3421:158grass,Ascomycota_sp|UDB048607|SH1572820.08FU|reps|k__Fungi;p__Ascomycota;c__unidentified;o__unidentified;f__unidentified;g__unidentified;s__Ascomycota_sp,98.701,154,0,2,1,152,1,154,5.51e-73,272
OTU3425:17grass,Ascomycota_sp|UDB048607|SH1572820.08FU|reps|k__Fungi;p__Ascomycota;c__unidentified;o__unidentified;f__unidentified;g__unidentified;s__Ascomycota_sp,97.403,154,3,1,1,153,1,154,1.20e-69,261
OTU3435:6grass,Fungi_sp|JX363566|SH1573192.08FU|reps|k__Fungi;p__unidentified;c__unidentified;o__unidentified;f__unidentified;g__unidentified;s__Fungi_sp,89.571,163,16,1,1,162,1,163,6.11e-53,206
OTU3442:80grass,Fungi_sp|JX351215|SH1646012.08FU|reps|k__Fungi;p__unidentified;c__unidentified;o__unidentified;f__unidentified;g__unidentified;s__Fungi_sp,95.070,142,5,2,1,142,1,140,5.19e-58,222
OTU3447:99grass,Ascomycota_sp|UDB048607|SH1572820.08FU|reps|k__Fungi;p__Ascomycota;c__unidentified;o__unidentified;f__unidentified;g__unidentified;s__Ascomycota_sp,96.753,154,5,0,1,154,1,154,1.57e-68,257
OTU3448:110grass,Fungi_sp|JX351215|SH1646012.08FU|reps|k__Fungi;p__unidentified;c__unidentified;o__unidentified;f__unidentified;g__unidentified;s__Fungi_sp,97.810,137,3,0,1,137,1,137,1.82e-62,237
OTU3455:8grass,Fungi_sp|JX351215|SH1646012.08FU|reps|k__Fungi;p__unidentified;c__unidentified;o__unidentified;f__unidentified;g__unidentified;s__Fungi_sp,96.350,137,4,1,2,138,2,137,1.44e-58,224
OTU3469:8grass,Fungi_sp|MF971225|SH1240489.08FU|reps_singleton|k__Fungi;p__unidentified;c__unidentified;o__unidentified;f__unidentified;g__unidentified;s__Fungi_sp,96.454,141,5,0,1,141,1,141,2.38e-61,233
OTU3559:143grass,Naganishia_sp|EF159211|SH1939340.08FU|refs|k__Fungi;p__Basidiomycota;c__Tremellomycetes;o__Filobasidiales;f__Filobasidiaceae;g__Naganishia;s__Naganishia_sp,96.753,154,5,0,1,154,1,154,1.57e-68,257
OTU3564:78grass,Ochrocladosporium_adansoniae|KF777176|SH1191789.08FU|refs_singleton|k__Fungi;p__Ascomycota;c__Dothideomycetes;o__Pleosporales;f__Pleosporales_fam_Incertae_sedis;g__Ochrocladosporium;s__Ochrocladosporium_adansoniae,91.946,149,8,4,20,166,25,171,6.28e-53,206
OTU3572:47grass,Ascomycota_sp|UDB048607|SH1572820.08FU|reps|k__Fungi;p__Ascomycota;c__unidentified;o__unidentified;f__unidentified;g__unidentified;s__Ascomycota_sp,96.753,154,5,0,1,154,1,154,1.57e-68,257
OTU3578:43grass,Vishniacozyma_victoriae|AF444469|SH1528207.08FU|refs|k__Fungi;p__Basidiomycota;c__Tremellomycetes;o__Tremellales;f__Bulleribasidiaceae;g__Vishniacozyma;s__Vishniacozyma_victoriae,96.992,133,4,0,1,133,1,133,1.33e-58,224
OTU3608:9grass,Tremellales_sp|KM216348|SH1574513.08FU|reps|k__Fungi;p__Basidiomycota;c__Tremellomycetes;o__Tremellales;f__unidentified;g__unidentified;s__Tremellales_sp,96.094,128,5,0,22,149,1,128,4.28e-54,209
OTU3621:20grass,Fungi_sp|MF971606|SH1246935.08FU|reps_singleton|k__Fungi;p__unidentified;c__unidentified;o__unidentified;f__unidentified;g__unidentified;s__Fungi_sp,97.163,141,3,1,1,141,1,140,1.84e-62,237
OTU3717:29grass,Vishniacozyma_victoriae|AF444469|SH1528207.08FU|refs|k__Fungi;p__Basidiomycota;c__Tremellomycetes;o__Tremellales;f__Bulleribasidiaceae;g__Vishniacozyma;s__Vishniacozyma_victoriae,96.992,133,4,0,1,133,1,133,1.33e-58,224
OTU3768:89grass,Fungi_sp|MF971225|SH1240489.08FU|reps_singleton|k__Fungi;p__unidentified;c__unidentified;o__unidentified;f__unidentified;g__unidentified;s__Fungi_sp,95.105,143,5,2,1,143,1,141,1.46e-58,224
OTU3785:143grass,Tremellales_sp|KM216348|SH1574513.08FU|reps|k__Fungi;p__Basidiomycota;c__Tremellomycetes;o__Tremellales;f__unidentified;g__unidentified;s__Tremellales_sp,96.094,128,5,0,22,149,1,128,4.28e-54,209
OTU3811:156grass,Vishniacozyma_victoriae|AF444469|SH1528207.08FU|refs|k__Fungi;p__Basidiomycota;c__Tremellomycetes;o__Tremellales;f__Bulleribasidiaceae;g__Vishniacozyma;s__Vishniacozyma_victoriae,98.462,130,2,0,1,130,1,130,2.84e-60,230
OTU3834:89grass,Fungi_sp|MF971225|SH1240489.08FU|reps_singleton|k__Fungi;p__unidentified;c__unidentified;o__unidentified;f__unidentified;g__unidentified;s__Fungi_sp,95.804,143,4,2,1,143,1,141,3.13e-60,230
OTU3837:125grass,Pleosporales_sp|MT663379|SH1560577.08FU|reps|k__Fungi;p__Ascomycota;c__Dothideomycetes;o__Pleosporales;f__unidentified;g__unidentified;s__Pleosporales_sp,87.755,147,15,3,1,145,1,146,7.09e-42,169
OTU3848:88grass,Fungi_sp|MF971225|SH1240489.08FU|reps_singleton|k__Fungi;p__unidentified;c__unidentified;o__unidentified;f__unidentified;g__unidentified;s__Fungi_sp,96.429,140,5,0,2,141,2,141,8.55e-61,231
OTU3855:102grass,Preussia_sp|GU909871|SH1170512.08FU|reps_singleton|k__Fungi;p__Ascomycota;c__Dothideomycetes;o__Pleosporales;f__Sporormiaceae;g__Preussia;s__Preussia_sp,97.872,141,1,1,1,139,20,160,3.88e-64,243
OTU3866:96grass,Preussia_minipascua|UDB061175|SH1541791.08FU|reps|k__Fungi;p__Ascomycota;c__Dothideomycetes;o__Pleosporales;f__Sporormiaceae;g__Preussia;s__Preussia_minipascua,97.842,139,3,0,1,139,1,139,1.40e-63,241
OTU3872:13grass,Colletotrichum_graminicola|DQ126180|SH2699426.08FU|reps|k__Fungi;p__Ascomycota;c__Sordariomycetes;o__Glomerellales;f__Glomerellaceae;g__Colletotrichum;s__Colletotrichum_graminicola,96.591,176,6,0,3,178,1,176,5.08e-79,292
OTU3882:9grass,Fungi_sp|MF971606|SH1246935.08FU|reps_singleton|k__Fungi;p__unidentified;c__unidentified;o__unidentified;f__unidentified;g__unidentified;s__Fungi_sp,97.163,141,3,1,1,141,1,140,1.84e-62,237
OTU3885:113grass,Ascomycota_sp|UDB048607|SH1572820.08FU|reps|k__Fungi;p__Ascomycota;c__unidentified;o__unidentified;f__unidentified;g__unidentified;s__Ascomycota_sp,97.368,152,4,0,1,152,1,152,4.36e-69,259
OTU3897:98grass,Rachicladosporium_sp|UDB0564833|SH1574024.08FU|reps|k__Fungi;p__Ascomycota;c__Dothideomycetes;o__Capnodiales;f__Cladosporiaceae;g__Rachicladosporium;s__Rachicladosporium_sp,95.349,129,4,2,39,165,47,175,2.24e-52,204
OTU3908:104grass,Fungi_sp|MF971225|SH1240489.08FU|reps_singleton|k__Fungi;p__unidentified;c__unidentified;o__unidentified;f__unidentified;g__unidentified;s__Fungi_sp,96.454,141,5,0,1,141,1,141,2.38e-61,233
OTU3916:103grass,Epicoccum_dendrobii|KY742093|SH2232041.08FU|refs|k__Fungi;p__Ascomycota;c__Dothideomycetes;o__Pleosporales;f__Didymellaceae;g__Epicoccum;s__Epicoccum_dendrobii,97.143,140,4,0,3,142,10,149,1.85e-62,237
OTU3918:112grass,Cladosporium_ramotenellum|EF679384|SH2320230.08FU|refs|k__Fungi;p__Ascomycota;c__Dothideomycetes;o__Capnodiales;f__Cladosporiaceae;g__Cladosporium;s__Cladosporium_ramotenellum,94.805,154,7,1,1,154,14,166,5.68e-63,239
OTU3919:89grass,Fungi_sp|MF971225|SH1240489.08FU|reps_singleton|k__Fungi;p__unidentified;c__unidentified;o__unidentified;f__unidentified;g__unidentified;s__Fungi_sp,95.804,143,4,2,1,143,1,141,3.13e-60,230
