sample_name	biosample_accession	library_ID	title	library_strategy	library_source	library_selection	library_layout	platform	instrument_model	design_description	filetype	filename	filename2
Dc1		s089-index-ACACGGTT-TTGCTTGGNNNN	ITS metabarcoding of Danthonia californica fungal endophytes from USA: Oregon, Cave Junction, French Flat	AMPLICON	METAGENOMIC	PCR	paired	Illumina	Illumina MiSeq	DNA extracted from plant leaves using column extraction kits, amplified with 16S ITS1F/ITS2 primers, PCR product diluted to 7.013 ng/µl for sequencing.	fastq	lane1-s089-index-ACACGGTT-TTGCTTGGNNNN-Dc1_S89_L001_R1_001.fastq.gz	lane1-s089-index-ACACGGTT-TTGCTTGGNNNN-Dc1_S89_L001_R2_001.fastq.gz
Dc2		s090-index-ACACGGTT-CCTGTCAANNNN	ITS metabarcoding of Danthonia californica fungal endophytes from USA: Oregon, Cave Junction, French Flat	AMPLICON	METAGENOMIC	PCR	paired	Illumina	Illumina MiSeq	DNA extracted from plant leaves using column extraction kits, amplified with 16S ITS1F/ITS2 primers, PCR product diluted to 7.013 ng/µl for sequencing.	fastq	lane1-s090-index-ACACGGTT-CCTGTCAANNNN-Dc2_S90_L001_R1_001.fastq.gz	lane1-s090-index-ACACGGTT-CCTGTCAANNNN-Dc2_S90_L001_R2_001.fastq.gz
Dc3		s091-index-ACACGGTT-AGCCTATCNNNN	ITS metabarcoding of Danthonia californica fungal endophytes from USA: Oregon, Cave Junction, French Flat	AMPLICON	METAGENOMIC	PCR	paired	Illumina	Illumina MiSeq	DNA extracted from plant leaves using column extraction kits, amplified with 16S ITS1F/ITS2 primers, PCR product diluted to 7.013 ng/µl for sequencing.	fastq	lane1-s091-index-ACACGGTT-AGCCTATCNNNN-Dc3_S91_L001_R1_001.fastq.gz	lane1-s091-index-ACACGGTT-AGCCTATCNNNN-Dc3_S91_L001_R2_001.fastq.gz
Dc4		s092-index-ACACGGTT-TGATCACGNNNN	ITS metabarcoding of Danthonia californica fungal endophytes from USA: Oregon, Cave Junction, French Flat	AMPLICON	METAGENOMIC	PCR	paired	Illumina	Illumina MiSeq	DNA extracted from plant leaves using column extraction kits, amplified with 16S ITS1F/ITS2 primers, PCR product diluted to 7.013 ng/µl for sequencing.	fastq	lane1-s092-index-ACACGGTT-TGATCACGNNNN-Dc4_S92_L001_R1_001.fastq.gz	lane1-s092-index-ACACGGTT-TGATCACGNNNN-Dc4_S92_L001_R2_001.fastq.gz
Dc5		s093-index-ACACGGTT-CCACATTGNNNN	ITS metabarcoding of Danthonia californica fungal endophytes from USA: Oregon, Cave Junction, French Flat	AMPLICON	METAGENOMIC	PCR	paired	Illumina	Illumina MiSeq	DNA extracted from plant leaves using column extraction kits, amplified with 16S ITS1F/ITS2 primers, PCR product diluted to 7.013 ng/µl for sequencing.	fastq	lane1-s093-index-ACACGGTT-CCACATTGNNNN-Dc5_S93_L001_R1_001.fastq.gz	lane1-s093-index-ACACGGTT-CCACATTGNNNN-Dc5_S93_L001_R2_001.fastq.gz
Dc6		s094-index-ACACGGTT-TCGAGAGTNNNN	ITS metabarcoding of Danthonia californica fungal endophytes from USA: Oregon, Cave Junction, French Flat	AMPLICON	METAGENOMIC	PCR	paired	Illumina	Illumina MiSeq	DNA extracted from plant leaves using column extraction kits, amplified with 16S ITS1F/ITS2 primers, PCR product diluted to 7.013 ng/µl for sequencing.	fastq	lane1-s094-index-ACACGGTT-TCGAGAGTNNNN-Dc6_S94_L001_R1_001.fastq.gz	lane1-s094-index-ACACGGTT-TCGAGAGTNNNN-Dc6_S94_L001_R2_001.fastq.gz
Dc7		s095-index-ACACGGTT-GGTCGTATNNNN	ITS metabarcoding of Danthonia californica fungal endophytes from USA: Oregon, Cave Junction, French Flat	AMPLICON	METAGENOMIC	PCR	paired	Illumina	Illumina MiSeq	DNA extracted from plant leaves using column extraction kits, amplified with 16S ITS1F/ITS2 primers, PCR product diluted to 7.013 ng/µl for sequencing.	fastq	lane1-s095-index-ACACGGTT-GGTCGTATNNNN-Dc7_S95_L001_R1_001.fastq.gz	lane1-s095-index-ACACGGTT-GGTCGTATNNNN-Dc7_S95_L001_R2_001.fastq.gz
Dc8		s096-index-ACACGGTT-ACAGGCATNNNN	ITS metabarcoding of Danthonia californica fungal endophytes from USA: Oregon, Cave Junction, French Flat	AMPLICON	METAGENOMIC	PCR	paired	Illumina	Illumina MiSeq	DNA extracted from plant leaves using column extraction kits, amplified with 16S ITS1F/ITS2 primers, PCR product diluted to 7.013 ng/µl for sequencing.	fastq	lane1-s096-index-ACACGGTT-ACAGGCATNNNN-Dc8_S96_L001_R1_001.fastq.gz	lane1-s096-index-ACACGGTT-ACAGGCATNNNN-Dc8_S96_L001_R2_001.fastq.gz
Dc9		s097-index-ACACGGTT-GTGATCCANNNN	ITS metabarcoding of Danthonia californica fungal endophytes from USA: Oregon, Cave Junction, French Flat	AMPLICON	METAGENOMIC	PCR	paired	Illumina	Illumina MiSeq	DNA extracted from plant leaves using column extraction kits, amplified with 16S ITS1F/ITS2 primers, PCR product diluted to 7.013 ng/µl for sequencing.	fastq	lane1-s097-index-ACACGGTT-GTGATCCANNNN-Dc9_S97_L001_R1_001.fastq.gz	lane1-s097-index-ACACGGTT-GTGATCCANNNN-Dc9_S97_L001_R2_001.fastq.gz
Dc10		s098-index-ACACGGTT-TTCGTACGNNNN	ITS metabarcoding of Danthonia californica fungal endophytes from USA: Oregon, Cave Junction, French Flat	AMPLICON	METAGENOMIC	PCR	paired	Illumina	Illumina MiSeq	DNA extracted from plant leaves using column extraction kits, amplified with 16S ITS1F/ITS2 primers, PCR product diluted to 7.013 ng/µl for sequencing.	fastq	lane1-s098-index-ACACGGTT-TTCGTACGNNNN-Dc10_S98_L001_R1_001.fastq.gz	lane1-s098-index-ACACGGTT-TTCGTACGNNNN-Dc10_S98_L001_R2_001.fastq.gz
Dc11		s099-index-ACACGGTT-ATGACAGGNNNN	ITS metabarcoding of Danthonia californica fungal endophytes from USA: Oregon, Cave Junction, French Flat	AMPLICON	METAGENOMIC	PCR	paired	Illumina	Illumina MiSeq	DNA extracted from plant leaves using column extraction kits, amplified with 16S ITS1F/ITS2 primers, PCR product diluted to 7.013 ng/µl for sequencing.	fastq	lane1-s099-index-ACACGGTT-ATGACAGGNNNN-Dc11_S99_L001_R1_001.fastq.gz	lane1-s099-index-ACACGGTT-ATGACAGGNNNN-Dc11_S99_L001_R2_001.fastq.gz
Dc12		s100-index-ACACGGTT-CGACCTAANNNN	ITS metabarcoding of Danthonia californica fungal endophytes from USA: Oregon, Cave Junction, French Flat	AMPLICON	METAGENOMIC	PCR	paired	Illumina	Illumina MiSeq	DNA extracted from plant leaves using column extraction kits, amplified with 16S ITS1F/ITS2 primers, PCR product diluted to 7.013 ng/µl for sequencing.	fastq	lane1-s100-index-ACACGGTT-CGACCTAANNNN-Dc12_S100_L001_R1_001.fastq.gz	lane1-s100-index-ACACGGTT-CGACCTAANNNN-Dc12_S100_L001_R2_001.fastq.gz
Dc25		s101-index-GTCACTGT-TTGCTTGGNNNN	ITS metabarcoding of Danthonia californica fungal endophytes from USA: Oregon, Medford, Whetstone	AMPLICON	METAGENOMIC	PCR	paired	Illumina	Illumina MiSeq	DNA extracted from plant leaves using column extraction kits, amplified with 16S ITS1F/ITS2 primers, PCR product diluted to 7.013 ng/µl for sequencing.	fastq	lane1-s101-index-GTCACTGT-TTGCTTGGNNNN-Dc25_S101_L001_R1_001.fastq.gz	lane1-s101-index-GTCACTGT-TTGCTTGGNNNN-Dc25_S101_L001_R2_001.fastq.gz
Dc26		s102-index-GTCACTGT-CCTGTCAANNNN	ITS metabarcoding of Danthonia californica fungal endophytes from USA: Oregon, Medford, Whetstone	AMPLICON	METAGENOMIC	PCR	paired	Illumina	Illumina MiSeq	DNA extracted from plant leaves using column extraction kits, amplified with 16S ITS1F/ITS2 primers, PCR product diluted to 7.013 ng/µl for sequencing.	fastq	lane1-s102-index-GTCACTGT-CCTGTCAANNNN-Dc26_S102_L001_R1_001.fastq.gz	lane1-s102-index-GTCACTGT-CCTGTCAANNNN-Dc26_S102_L001_R2_001.fastq.gz
Dc27		s103-index-GTCACTGT-AGCCTATCNNNN	ITS metabarcoding of Danthonia californica fungal endophytes from USA: Oregon, Medford, Whetstone	AMPLICON	METAGENOMIC	PCR	paired	Illumina	Illumina MiSeq	DNA extracted from plant leaves using column extraction kits, amplified with 16S ITS1F/ITS2 primers, PCR product diluted to 7.013 ng/µl for sequencing.	fastq	lane1-s103-index-GTCACTGT-AGCCTATCNNNN-Dc27_S103_L001_R1_001.fastq.gz	lane1-s103-index-GTCACTGT-AGCCTATCNNNN-Dc27_S103_L001_R2_001.fastq.gz
Dc28		s104-index-GTCACTGT-TGATCACGNNNN	ITS metabarcoding of Danthonia californica fungal endophytes from USA: Oregon, Medford, Whetstone	AMPLICON	METAGENOMIC	PCR	paired	Illumina	Illumina MiSeq	DNA extracted from plant leaves using column extraction kits, amplified with 16S ITS1F/ITS2 primers, PCR product diluted to 7.013 ng/µl for sequencing.	fastq	lane1-s104-index-GTCACTGT-TGATCACGNNNN-Dc28_S104_L001_R1_001.fastq.gz	lane1-s104-index-GTCACTGT-TGATCACGNNNN-Dc28_S104_L001_R2_001.fastq.gz
Dc29		s105-index-GTCACTGT-CCACATTGNNNN	ITS metabarcoding of Danthonia californica fungal endophytes from USA: Oregon, Medford, Whetstone	AMPLICON	METAGENOMIC	PCR	paired	Illumina	Illumina MiSeq	DNA extracted from plant leaves using column extraction kits, amplified with 16S ITS1F/ITS2 primers, PCR product diluted to 7.013 ng/µl for sequencing.	fastq	lane1-s105-index-GTCACTGT-CCACATTGNNNN-Dc29_S105_L001_R1_001.fastq.gz	lane1-s105-index-GTCACTGT-CCACATTGNNNN-Dc29_S105_L001_R2_001.fastq.gz
Dc30		s106-index-GTCACTGT-TCGAGAGTNNNN	ITS metabarcoding of Danthonia californica fungal endophytes from USA: Oregon, Medford, Whetstone	AMPLICON	METAGENOMIC	PCR	paired	Illumina	Illumina MiSeq	DNA extracted from plant leaves using column extraction kits, amplified with 16S ITS1F/ITS2 primers, PCR product diluted to 7.013 ng/µl for sequencing.	fastq	lane1-s106-index-GTCACTGT-TCGAGAGTNNNN-Dc30_S106_L001_R1_001.fastq.gz	lane1-s106-index-GTCACTGT-TCGAGAGTNNNN-Dc30_S106_L001_R2_001.fastq.gz
Dc31		s107-index-GTCACTGT-GGTCGTATNNNN	ITS metabarcoding of Danthonia californica fungal endophytes from USA: Oregon, Medford, Whetstone	AMPLICON	METAGENOMIC	PCR	paired	Illumina	Illumina MiSeq	DNA extracted from plant leaves using column extraction kits, amplified with 16S ITS1F/ITS2 primers, PCR product diluted to 7.013 ng/µl for sequencing.	fastq	lane1-s107-index-GTCACTGT-GGTCGTATNNNN-Dc31_S107_L001_R1_001.fastq.gz	lane1-s107-index-GTCACTGT-GGTCGTATNNNN-Dc31_S107_L001_R2_001.fastq.gz
Dc32		s108-index-GTCACTGT-ACAGGCATNNNN	ITS metabarcoding of Danthonia californica fungal endophytes from USA: Oregon, Medford, Whetstone	AMPLICON	METAGENOMIC	PCR	paired	Illumina	Illumina MiSeq	DNA extracted from plant leaves using column extraction kits, amplified with 16S ITS1F/ITS2 primers, PCR product diluted to 7.013 ng/µl for sequencing.	fastq	lane1-s108-index-GTCACTGT-ACAGGCATNNNN-Dc32_S108_L001_R1_001.fastq.gz	lane1-s108-index-GTCACTGT-ACAGGCATNNNN-Dc32_S108_L001_R2_001.fastq.gz
Dc33		s109-index-GTCACTGT-GTGATCCANNNN	ITS metabarcoding of Danthonia californica fungal endophytes from USA: Oregon, Medford, Whetstone	AMPLICON	METAGENOMIC	PCR	paired	Illumina	Illumina MiSeq	DNA extracted from plant leaves using column extraction kits, amplified with 16S ITS1F/ITS2 primers, PCR product diluted to 7.013 ng/µl for sequencing.	fastq	lane1-s109-index-GTCACTGT-GTGATCCANNNN-Dc33_S109_L001_R1_001.fastq.gz	lane1-s109-index-GTCACTGT-GTGATCCANNNN-Dc33_S109_L001_R2_001.fastq.gz
Dc34		s110-index-GTCACTGT-TTCGTACGNNNN	ITS metabarcoding of Danthonia californica fungal endophytes from USA: Oregon, Medford, Whetstone	AMPLICON	METAGENOMIC	PCR	paired	Illumina	Illumina MiSeq	DNA extracted from plant leaves using column extraction kits, amplified with 16S ITS1F/ITS2 primers, PCR product diluted to 7.013 ng/µl for sequencing.	fastq	lane1-s110-index-GTCACTGT-TTCGTACGNNNN-Dc34_S110_L001_R1_001.fastq.gz	lane1-s110-index-GTCACTGT-TTCGTACGNNNN-Dc34_S110_L001_R2_001.fastq.gz
Dc35		s111-index-GTCACTGT-ATGACAGGNNNN	ITS metabarcoding of Danthonia californica fungal endophytes from USA: Oregon, Medford, Whetstone	AMPLICON	METAGENOMIC	PCR	paired	Illumina	Illumina MiSeq	DNA extracted from plant leaves using column extraction kits, amplified with 16S ITS1F/ITS2 primers, PCR product diluted to 7.013 ng/µl for sequencing.	fastq	lane1-s111-index-GTCACTGT-ATGACAGGNNNN-Dc35_S111_L001_R1_001.fastq.gz	lane1-s111-index-GTCACTGT-ATGACAGGNNNN-Dc35_S111_L001_R2_001.fastq.gz
Dc36		s112-index-GTCACTGT-CGACCTAANNNN	ITS metabarcoding of Danthonia californica fungal endophytes from USA: Oregon, Medford, Whetstone	AMPLICON	METAGENOMIC	PCR	paired	Illumina	Illumina MiSeq	DNA extracted from plant leaves using column extraction kits, amplified with 16S ITS1F/ITS2 primers, PCR product diluted to 7.013 ng/µl for sequencing.	fastq	lane1-s112-index-GTCACTGT-CGACCTAANNNN-Dc36_S112_L001_R1_001.fastq.gz	lane1-s112-index-GTCACTGT-CGACCTAANNNN-Dc36_S112_L001_R2_001.fastq.gz
Dc37		s113-index-ACTGCTAG-TTGCTTGGNNNN	ITS metabarcoding of Danthonia californica fungal endophytes from USA: Oregon, Medford, Lower Table Rock	AMPLICON	METAGENOMIC	PCR	paired	Illumina	Illumina MiSeq	DNA extracted from plant leaves using column extraction kits, amplified with 16S ITS1F/ITS2 primers, PCR product diluted to 7.013 ng/µl for sequencing.	fastq	lane1-s113-index-ACTGCTAG-TTGCTTGGNNNN-Dc37_S113_L001_R1_001.fastq.gz	lane1-s113-index-ACTGCTAG-TTGCTTGGNNNN-Dc37_S113_L001_R2_001.fastq.gz
Dc38		s114-index-ACTGCTAG-CCTGTCAANNNN	ITS metabarcoding of Danthonia californica fungal endophytes from USA: Oregon, Medford, Lower Table Rock	AMPLICON	METAGENOMIC	PCR	paired	Illumina	Illumina MiSeq	DNA extracted from plant leaves using column extraction kits, amplified with 16S ITS1F/ITS2 primers, PCR product diluted to 7.013 ng/µl for sequencing.	fastq	lane1-s114-index-ACTGCTAG-CCTGTCAANNNN-Dc38_S114_L001_R1_001.fastq.gz	lane1-s114-index-ACTGCTAG-CCTGTCAANNNN-Dc38_S114_L001_R2_001.fastq.gz
Dc39		s115-index-ACTGCTAG-AGCCTATCNNNN	ITS metabarcoding of Danthonia californica fungal endophytes from USA: Oregon, Medford, Lower Table Rock	AMPLICON	METAGENOMIC	PCR	paired	Illumina	Illumina MiSeq	DNA extracted from plant leaves using column extraction kits, amplified with 16S ITS1F/ITS2 primers, PCR product diluted to 7.013 ng/µl for sequencing.	fastq	lane1-s115-index-ACTGCTAG-AGCCTATCNNNN-Dc39_S115_L001_R1_001.fastq.gz	lane1-s115-index-ACTGCTAG-AGCCTATCNNNN-Dc39_S115_L001_R2_001.fastq.gz
Dc40		s116-index-ACTGCTAG-TGATCACGNNNN	ITS metabarcoding of Danthonia californica fungal endophytes from USA: Oregon, Medford, Lower Table Rock	AMPLICON	METAGENOMIC	PCR	paired	Illumina	Illumina MiSeq	DNA extracted from plant leaves using column extraction kits, amplified with 16S ITS1F/ITS2 primers, PCR product diluted to 7.013 ng/µl for sequencing.	fastq	lane1-s116-index-ACTGCTAG-TGATCACGNNNN-Dc40_S116_L001_R1_001.fastq.gz	lane1-s116-index-ACTGCTAG-TGATCACGNNNN-Dc40_S116_L001_R2_001.fastq.gz
Dc41		s117-index-ACTGCTAG-CCACATTGNNNN	ITS metabarcoding of Danthonia californica fungal endophytes from USA: Oregon, Medford, Lower Table Rock	AMPLICON	METAGENOMIC	PCR	paired	Illumina	Illumina MiSeq	DNA extracted from plant leaves using column extraction kits, amplified with 16S ITS1F/ITS2 primers, PCR product diluted to 7.013 ng/µl for sequencing.	fastq	lane1-s117-index-ACTGCTAG-CCACATTGNNNN-Dc41_S117_L001_R1_001.fastq.gz	lane1-s117-index-ACTGCTAG-CCACATTGNNNN-Dc41_S117_L001_R2_001.fastq.gz
Dc42		s118-index-ACTGCTAG-TCGAGAGTNNNN	ITS metabarcoding of Danthonia californica fungal endophytes from USA: Oregon, Medford, Lower Table Rock	AMPLICON	METAGENOMIC	PCR	paired	Illumina	Illumina MiSeq	DNA extracted from plant leaves using column extraction kits, amplified with 16S ITS1F/ITS2 primers, PCR product diluted to 7.013 ng/µl for sequencing.	fastq	lane1-s118-index-ACTGCTAG-TCGAGAGTNNNN-Dc42_S118_L001_R1_001.fastq.gz	lane1-s118-index-ACTGCTAG-TCGAGAGTNNNN-Dc42_S118_L001_R2_001.fastq.gz
Dc43		s119-index-ACTGCTAG-GGTCGTATNNNN	ITS metabarcoding of Danthonia californica fungal endophytes from USA: Oregon, Medford, Lower Table Rock	AMPLICON	METAGENOMIC	PCR	paired	Illumina	Illumina MiSeq	DNA extracted from plant leaves using column extraction kits, amplified with 16S ITS1F/ITS2 primers, PCR product diluted to 7.013 ng/µl for sequencing.	fastq	lane1-s119-index-ACTGCTAG-GGTCGTATNNNN-Dc43_S119_L001_R1_001.fastq.gz	lane1-s119-index-ACTGCTAG-GGTCGTATNNNN-Dc43_S119_L001_R2_001.fastq.gz
Dc44		s120-index-ACTGCTAG-ACAGGCATNNNN	ITS metabarcoding of Danthonia californica fungal endophytes from USA: Oregon, Medford, Lower Table Rock	AMPLICON	METAGENOMIC	PCR	paired	Illumina	Illumina MiSeq	DNA extracted from plant leaves using column extraction kits, amplified with 16S ITS1F/ITS2 primers, PCR product diluted to 7.013 ng/µl for sequencing.	fastq	lane1-s120-index-ACTGCTAG-ACAGGCATNNNN-Dc44_S120_L001_R1_001.fastq.gz	lane1-s120-index-ACTGCTAG-ACAGGCATNNNN-Dc44_S120_L001_R2_001.fastq.gz
Dc45		s121-index-ACTGCTAG-GTGATCCANNNN	ITS metabarcoding of Danthonia californica fungal endophytes from USA: Oregon, Medford, Lower Table Rock	AMPLICON	METAGENOMIC	PCR	paired	Illumina	Illumina MiSeq	DNA extracted from plant leaves using column extraction kits, amplified with 16S ITS1F/ITS2 primers, PCR product diluted to 7.013 ng/µl for sequencing.	fastq	lane1-s121-index-ACTGCTAG-GTGATCCANNNN-Dc45_S121_L001_R1_001.fastq.gz	lane1-s121-index-ACTGCTAG-GTGATCCANNNN-Dc45_S121_L001_R2_001.fastq.gz
Dc46		s122-index-ACTGCTAG-TTCGTACGNNNN	ITS metabarcoding of Danthonia californica fungal endophytes from USA: Oregon, Medford, Lower Table Rock	AMPLICON	METAGENOMIC	PCR	paired	Illumina	Illumina MiSeq	DNA extracted from plant leaves using column extraction kits, amplified with 16S ITS1F/ITS2 primers, PCR product diluted to 7.013 ng/µl for sequencing.	fastq	lane1-s122-index-ACTGCTAG-TTCGTACGNNNN-Dc46_S122_L001_R1_001.fastq.gz	lane1-s122-index-ACTGCTAG-TTCGTACGNNNN-Dc46_S122_L001_R2_001.fastq.gz
Dc47		s123-index-ACTGCTAG-ATGACAGGNNNN	ITS metabarcoding of Danthonia californica fungal endophytes from USA: Oregon, Medford, Lower Table Rock	AMPLICON	METAGENOMIC	PCR	paired	Illumina	Illumina MiSeq	DNA extracted from plant leaves using column extraction kits, amplified with 16S ITS1F/ITS2 primers, PCR product diluted to 7.013 ng/µl for sequencing.	fastq	lane1-s123-index-ACTGCTAG-ATGACAGGNNNN-Dc47_S123_L001_R1_001.fastq.gz	lane1-s123-index-ACTGCTAG-ATGACAGGNNNN-Dc47_S123_L001_R2_001.fastq.gz
Dc48		s124-index-ACTGCTAG-CGACCTAANNNN	ITS metabarcoding of Danthonia californica fungal endophytes from USA: Oregon, Medford, Lower Table Rock	AMPLICON	METAGENOMIC	PCR	paired	Illumina	Illumina MiSeq	DNA extracted from plant leaves using column extraction kits, amplified with 16S ITS1F/ITS2 primers, PCR product diluted to 7.013 ng/µl for sequencing.	fastq	lane1-s124-index-ACTGCTAG-CGACCTAANNNN-Dc48_S124_L001_R1_001.fastq.gz	lane1-s124-index-ACTGCTAG-CGACCTAANNNN-Dc48_S124_L001_R2_001.fastq.gz
Dc73		s125-index-GAAGAGGT-TTGCTTGGNNNN	ITS metabarcoding of Danthonia californica fungal endophytes from USA: Oregon, Eugene, Hazel Dell	AMPLICON	METAGENOMIC	PCR	paired	Illumina	Illumina MiSeq	DNA extracted from plant leaves using column extraction kits, amplified with 16S ITS1F/ITS2 primers, PCR product diluted to 7.013 ng/µl for sequencing.	fastq	lane1-s125-index-GAAGAGGT-TTGCTTGGNNNN-Dc73_S125_L001_R1_001.fastq.gz	lane1-s125-index-GAAGAGGT-TTGCTTGGNNNN-Dc73_S125_L001_R2_001.fastq.gz
Dc74		s126-index-GAAGAGGT-CCTGTCAANNNN	ITS metabarcoding of Danthonia californica fungal endophytes from USA: Oregon, Eugene, Hazel Dell	AMPLICON	METAGENOMIC	PCR	paired	Illumina	Illumina MiSeq	DNA extracted from plant leaves using column extraction kits, amplified with 16S ITS1F/ITS2 primers, PCR product diluted to 7.013 ng/µl for sequencing.	fastq	lane1-s126-index-GAAGAGGT-CCTGTCAANNNN-Dc74_S126_L001_R1_001.fastq.gz	lane1-s126-index-GAAGAGGT-CCTGTCAANNNN-Dc74_S126_L001_R2_001.fastq.gz
Dc75		s127-index-GAAGAGGT-AGCCTATCNNNN	ITS metabarcoding of Danthonia californica fungal endophytes from USA: Oregon, Eugene, Hazel Dell	AMPLICON	METAGENOMIC	PCR	paired	Illumina	Illumina MiSeq	DNA extracted from plant leaves using column extraction kits, amplified with 16S ITS1F/ITS2 primers, PCR product diluted to 7.013 ng/µl for sequencing.	fastq	lane1-s127-index-GAAGAGGT-AGCCTATCNNNN-Dc75_S127_L001_R1_001.fastq.gz	lane1-s127-index-GAAGAGGT-AGCCTATCNNNN-Dc75_S127_L001_R2_001.fastq.gz
Dc76		s128-index-GAAGAGGT-TGATCACGNNNN	ITS metabarcoding of Danthonia californica fungal endophytes from USA: Oregon, Eugene, Hazel Dell	AMPLICON	METAGENOMIC	PCR	paired	Illumina	Illumina MiSeq	DNA extracted from plant leaves using column extraction kits, amplified with 16S ITS1F/ITS2 primers, PCR product diluted to 7.013 ng/µl for sequencing.	fastq	lane1-s128-index-GAAGAGGT-TGATCACGNNNN-Dc76_S128_L001_R1_001.fastq.gz	lane1-s128-index-GAAGAGGT-TGATCACGNNNN-Dc76_S128_L001_R2_001.fastq.gz
Dc77		s129-index-GAAGAGGT-CCACATTGNNNN	ITS metabarcoding of Danthonia californica fungal endophytes from USA: Oregon, Eugene, Hazel Dell	AMPLICON	METAGENOMIC	PCR	paired	Illumina	Illumina MiSeq	DNA extracted from plant leaves using column extraction kits, amplified with 16S ITS1F/ITS2 primers, PCR product diluted to 7.013 ng/µl for sequencing.	fastq	lane1-s129-index-GAAGAGGT-CCACATTGNNNN-Dc77_S129_L001_R1_001.fastq.gz	lane1-s129-index-GAAGAGGT-CCACATTGNNNN-Dc77_S129_L001_R2_001.fastq.gz
Dc78		s130-index-GAAGAGGT-TCGAGAGTNNNN	ITS metabarcoding of Danthonia californica fungal endophytes from USA: Oregon, Eugene, Hazel Dell	AMPLICON	METAGENOMIC	PCR	paired	Illumina	Illumina MiSeq	DNA extracted from plant leaves using column extraction kits, amplified with 16S ITS1F/ITS2 primers, PCR product diluted to 7.013 ng/µl for sequencing.	fastq	lane1-s130-index-GAAGAGGT-TCGAGAGTNNNN-Dc78_S130_L001_R1_001.fastq.gz	lane1-s130-index-GAAGAGGT-TCGAGAGTNNNN-Dc78_S130_L001_R2_001.fastq.gz
Dc79		s131-index-GAAGAGGT-GGTCGTATNNNN	ITS metabarcoding of Danthonia californica fungal endophytes from USA: Oregon, Eugene, Hazel Dell	AMPLICON	METAGENOMIC	PCR	paired	Illumina	Illumina MiSeq	DNA extracted from plant leaves using column extraction kits, amplified with 16S ITS1F/ITS2 primers, PCR product diluted to 7.013 ng/µl for sequencing.	fastq	lane1-s131-index-GAAGAGGT-GGTCGTATNNNN-Dc79_S131_L001_R1_001.fastq.gz	lane1-s131-index-GAAGAGGT-GGTCGTATNNNN-Dc79_S131_L001_R2_001.fastq.gz
Dc80		s132-index-GAAGAGGT-ACAGGCATNNNN	ITS metabarcoding of Danthonia californica fungal endophytes from USA: Oregon, Eugene, Hazel Dell	AMPLICON	METAGENOMIC	PCR	paired	Illumina	Illumina MiSeq	DNA extracted from plant leaves using column extraction kits, amplified with 16S ITS1F/ITS2 primers, PCR product diluted to 7.013 ng/µl for sequencing.	fastq	lane1-s132-index-GAAGAGGT-ACAGGCATNNNN-Dc80_S132_L001_R1_001.fastq.gz	lane1-s132-index-GAAGAGGT-ACAGGCATNNNN-Dc80_S132_L001_R2_001.fastq.gz
Dc81		s144-index-CGCTAGTA-GTGATCCANNNN	ITS metabarcoding of Danthonia californica fungal endophytes from USA: Oregon, Crawfordsville, Horse Rock Ridge	AMPLICON	METAGENOMIC	PCR	paired	Illumina	Illumina MiSeq	DNA extracted from plant leaves using column extraction kits, amplified with 16S ITS1F/ITS2 primers, PCR product diluted to 7.013 ng/µl for sequencing.	fastq	lane1-s144-index-CGCTAGTA-GTGATCCANNNN-Dc81_S144_L001_R1_001.fastq.gz	lane1-s144-index-CGCTAGTA-GTGATCCANNNN-Dc81_S144_L001_R2_001.fastq.gz
Dc82		s134-index-GAAGAGGT-TTCGTACGNNNN	ITS metabarcoding of Danthonia californica fungal endophytes from USA: Oregon, Eugene, Hazel Dell	AMPLICON	METAGENOMIC	PCR	paired	Illumina	Illumina MiSeq	DNA extracted from plant leaves using column extraction kits, amplified with 16S ITS1F/ITS2 primers, PCR product diluted to 7.013 ng/µl for sequencing.	fastq	lane1-s134-index-GAAGAGGT-TTCGTACGNNNN-Dc82_S134_L001_R1_001.fastq.gz	lane1-s134-index-GAAGAGGT-TTCGTACGNNNN-Dc82_S134_L001_R2_001.fastq.gz
Dc83		s135-index-GAAGAGGT-ATGACAGGNNNN	ITS metabarcoding of Danthonia californica fungal endophytes from USA: Oregon, Eugene, Hazel Dell	AMPLICON	METAGENOMIC	PCR	paired	Illumina	Illumina MiSeq	DNA extracted from plant leaves using column extraction kits, amplified with 16S ITS1F/ITS2 primers, PCR product diluted to 7.013 ng/µl for sequencing.	fastq	lane1-s135-index-GAAGAGGT-ATGACAGGNNNN-Dc83_S135_L001_R1_001.fastq.gz	lane1-s135-index-GAAGAGGT-ATGACAGGNNNN-Dc83_S135_L001_R2_001.fastq.gz
Dc84		s136-index-GAAGAGGT-CGACCTAANNNN	ITS metabarcoding of Danthonia californica fungal endophytes from USA: Oregon, Eugene, Hazel Dell	AMPLICON	METAGENOMIC	PCR	paired	Illumina	Illumina MiSeq	DNA extracted from plant leaves using column extraction kits, amplified with 16S ITS1F/ITS2 primers, PCR product diluted to 7.013 ng/µl for sequencing.	fastq	lane1-s136-index-GAAGAGGT-CGACCTAANNNN-Dc84_S136_L001_R1_001.fastq.gz	lane1-s136-index-GAAGAGGT-CGACCTAANNNN-Dc84_S136_L001_R2_001.fastq.gz
Dc97		s137-index-CGCTAGTA-TTGCTTGGNNNN	ITS metabarcoding of Danthonia californica fungal endophytes from USA: Oregon, Crawfordsville, Horse Rock Ridge	AMPLICON	METAGENOMIC	PCR	paired	Illumina	Illumina MiSeq	DNA extracted from plant leaves using column extraction kits, amplified with 16S ITS1F/ITS2 primers, PCR product diluted to 7.013 ng/µl for sequencing.	fastq	lane1-s137-index-CGCTAGTA-TTGCTTGGNNNN-Dc97_S137_L001_R1_001.fastq.gz	lane1-s137-index-CGCTAGTA-TTGCTTGGNNNN-Dc97_S137_L001_R2_001.fastq.gz
Dc98		s138-index-CGCTAGTA-CCTGTCAANNNN	ITS metabarcoding of Danthonia californica fungal endophytes from USA: Oregon, Crawfordsville, Horse Rock Ridge	AMPLICON	METAGENOMIC	PCR	paired	Illumina	Illumina MiSeq	DNA extracted from plant leaves using column extraction kits, amplified with 16S ITS1F/ITS2 primers, PCR product diluted to 7.013 ng/µl for sequencing.	fastq	lane1-s138-index-CGCTAGTA-CCTGTCAANNNN-Dc98_S138_L001_R1_001.fastq.gz	lane1-s138-index-CGCTAGTA-CCTGTCAANNNN-Dc98_S138_L001_R2_001.fastq.gz
Dc99		s139-index-CGCTAGTA-AGCCTATCNNNN	ITS metabarcoding of Danthonia californica fungal endophytes from USA: Oregon, Crawfordsville, Horse Rock Ridge	AMPLICON	METAGENOMIC	PCR	paired	Illumina	Illumina MiSeq	DNA extracted from plant leaves using column extraction kits, amplified with 16S ITS1F/ITS2 primers, PCR product diluted to 7.013 ng/µl for sequencing.	fastq	lane1-s139-index-CGCTAGTA-AGCCTATCNNNN-Dc99_S139_L001_R1_001.fastq.gz	lane1-s139-index-CGCTAGTA-AGCCTATCNNNN-Dc99_S139_L001_R2_001.fastq.gz
Dc100		s140-index-CGCTAGTA-TGATCACGNNNN	ITS metabarcoding of Danthonia californica fungal endophytes from USA: Oregon, Crawfordsville, Horse Rock Ridge	AMPLICON	METAGENOMIC	PCR	paired	Illumina	Illumina MiSeq	DNA extracted from plant leaves using column extraction kits, amplified with 16S ITS1F/ITS2 primers, PCR product diluted to 7.013 ng/µl for sequencing.	fastq	lane1-s140-index-CGCTAGTA-TGATCACGNNNN-Dc100_S140_L001_R1_001.fastq.gz	lane1-s140-index-CGCTAGTA-TGATCACGNNNN-Dc100_S140_L001_R2_001.fastq.gz
Dc101		s141-index-CGCTAGTA-CCACATTGNNNN	ITS metabarcoding of Danthonia californica fungal endophytes from USA: Oregon, Crawfordsville, Horse Rock Ridge	AMPLICON	METAGENOMIC	PCR	paired	Illumina	Illumina MiSeq	DNA extracted from plant leaves using column extraction kits, amplified with 16S ITS1F/ITS2 primers, PCR product diluted to 7.013 ng/µl for sequencing.	fastq	lane1-s141-index-CGCTAGTA-CCACATTGNNNN-Dc101_S141_L001_R1_001.fastq.gz	lane1-s141-index-CGCTAGTA-CCACATTGNNNN-Dc101_S141_L001_R2_001.fastq.gz
Dc102		s142-index-CGCTAGTA-TCGAGAGTNNNN	ITS metabarcoding of Danthonia californica fungal endophytes from USA: Oregon, Crawfordsville, Horse Rock Ridge	AMPLICON	METAGENOMIC	PCR	paired	Illumina	Illumina MiSeq	DNA extracted from plant leaves using column extraction kits, amplified with 16S ITS1F/ITS2 primers, PCR product diluted to 7.013 ng/µl for sequencing.	fastq	lane1-s142-index-CGCTAGTA-TCGAGAGTNNNN-Dc102_S142_L001_R1_001.fastq.gz	lane1-s142-index-CGCTAGTA-TCGAGAGTNNNN-Dc102_S142_L001_R2_001.fastq.gz
Dc104		s143-index-CGCTAGTA-ACAGGCATNNNN	ITS metabarcoding of Danthonia californica fungal endophytes from USA: Oregon, Crawfordsville, Horse Rock Ridge	AMPLICON	METAGENOMIC	PCR	paired	Illumina	Illumina MiSeq	DNA extracted from plant leaves using column extraction kits, amplified with 16S ITS1F/ITS2 primers, PCR product diluted to 7.013 ng/µl for sequencing.	fastq	lane1-s143-index-CGCTAGTA-ACAGGCATNNNN-Dc104_S143_L001_R1_001.fastq.gz	lane1-s143-index-CGCTAGTA-ACAGGCATNNNN-Dc104_S143_L001_R2_001.fastq.gz
Dc105		s133-index-GAAGAGGT-GTGATCCANNNN	ITS metabarcoding of Danthonia californica fungal endophytes from USA: Oregon, Eugene, Hazel Dell	AMPLICON	METAGENOMIC	PCR	paired	Illumina	Illumina MiSeq	DNA extracted from plant leaves using column extraction kits, amplified with 16S ITS1F/ITS2 primers, PCR product diluted to 7.013 ng/µl for sequencing.	fastq	lane1-s133-index-GAAGAGGT-GTGATCCANNNN-Dc105_S133_L001_R1_001.fastq.gz	lane1-s133-index-GAAGAGGT-GTGATCCANNNN-Dc105_S133_L001_R2_001.fastq.gz
Dc106		s145-index-CGCTAGTA-TTCGTACGNNNN	ITS metabarcoding of Danthonia californica fungal endophytes from USA: Oregon, Crawfordsville, Horse Rock Ridge	AMPLICON	METAGENOMIC	PCR	paired	Illumina	Illumina MiSeq	DNA extracted from plant leaves using column extraction kits, amplified with 16S ITS1F/ITS2 primers, PCR product diluted to 7.013 ng/µl for sequencing.	fastq	lane1-s145-index-CGCTAGTA-TTCGTACGNNNN-Dc106_S145_L001_R1_001.fastq.gz	lane1-s145-index-CGCTAGTA-TTCGTACGNNNN-Dc106_S145_L001_R2_001.fastq.gz
Dc107		s146-index-CGCTAGTA-ATGACAGGNNNN	ITS metabarcoding of Danthonia californica fungal endophytes from USA: Oregon, Crawfordsville, Horse Rock Ridge	AMPLICON	METAGENOMIC	PCR	paired	Illumina	Illumina MiSeq	DNA extracted from plant leaves using column extraction kits, amplified with 16S ITS1F/ITS2 primers, PCR product diluted to 7.013 ng/µl for sequencing.	fastq	lane1-s146-index-CGCTAGTA-ATGACAGGNNNN-Dc107_S146_L001_R1_001.fastq.gz	lane1-s146-index-CGCTAGTA-ATGACAGGNNNN-Dc107_S146_L001_R2_001.fastq.gz
Dc108		s147-index-CGCTAGTA-CGACCTAANNNN	ITS metabarcoding of Danthonia californica fungal endophytes from USA: Oregon, Crawfordsville, Horse Rock Ridge	AMPLICON	METAGENOMIC	PCR	paired	Illumina	Illumina MiSeq	DNA extracted from plant leaves using column extraction kits, amplified with 16S ITS1F/ITS2 primers, PCR product diluted to 7.013 ng/µl for sequencing.	fastq	lane1-s147-index-CGCTAGTA-CGACCTAANNNN-Dc108_S147_L001_R1_001.fastq.gz	lane1-s147-index-CGCTAGTA-CGACCTAANNNN-Dc108_S147_L001_R2_001.fastq.gz
Dc145		s148-index-GCTGTTGT-TTGCTTGGNNNN	ITS metabarcoding of Danthonia californica fungal endophytes from USA: Washington, Coupeville, Whidbey Island	AMPLICON	METAGENOMIC	PCR	paired	Illumina	Illumina MiSeq	DNA extracted from plant leaves using column extraction kits, amplified with 16S ITS1F/ITS2 primers, PCR product diluted to 7.013 ng/µl for sequencing.	fastq	lane1-s148-index-GCTGTTGT-TTGCTTGGNNNN-Dc145_S148_L001_R1_001.fastq.gz	lane1-s148-index-GCTGTTGT-TTGCTTGGNNNN-Dc145_S148_L001_R2_001.fastq.gz
Dc146		s149-index-GCTGTTGT-CCTGTCAANNNN	ITS metabarcoding of Danthonia californica fungal endophytes from USA: Washington, Coupeville, Whidbey Island	AMPLICON	METAGENOMIC	PCR	paired	Illumina	Illumina MiSeq	DNA extracted from plant leaves using column extraction kits, amplified with 16S ITS1F/ITS2 primers, PCR product diluted to 7.013 ng/µl for sequencing.	fastq	lane1-s149-index-GCTGTTGT-CCTGTCAANNNN-Dc146_S149_L001_R1_001.fastq.gz	lane1-s149-index-GCTGTTGT-CCTGTCAANNNN-Dc146_S149_L001_R2_001.fastq.gz
Dc147		s150-index-GCTGTTGT-AGCCTATCNNNN	ITS metabarcoding of Danthonia californica fungal endophytes from USA: Washington, Coupeville, Whidbey Island	AMPLICON	METAGENOMIC	PCR	paired	Illumina	Illumina MiSeq	DNA extracted from plant leaves using column extraction kits, amplified with 16S ITS1F/ITS2 primers, PCR product diluted to 7.013 ng/µl for sequencing.	fastq	lane1-s150-index-GCTGTTGT-AGCCTATCNNNN-Dc147_S150_L001_R1_001.fastq.gz	lane1-s150-index-GCTGTTGT-AGCCTATCNNNN-Dc147_S150_L001_R2_001.fastq.gz
Dc148		s151-index-GCTGTTGT-TGATCACGNNNN	ITS metabarcoding of Danthonia californica fungal endophytes from USA: Washington, Coupeville, Whidbey Island	AMPLICON	METAGENOMIC	PCR	paired	Illumina	Illumina MiSeq	DNA extracted from plant leaves using column extraction kits, amplified with 16S ITS1F/ITS2 primers, PCR product diluted to 7.013 ng/µl for sequencing.	fastq	lane1-s151-index-GCTGTTGT-TGATCACGNNNN-Dc148_S151_L001_R1_001.fastq.gz	lane1-s151-index-GCTGTTGT-TGATCACGNNNN-Dc148_S151_L001_R2_001.fastq.gz
Dc149		s152-index-GCTGTTGT-CCACATTGNNNN	ITS metabarcoding of Danthonia californica fungal endophytes from USA: Washington, Coupeville, Whidbey Island	AMPLICON	METAGENOMIC	PCR	paired	Illumina	Illumina MiSeq	DNA extracted from plant leaves using column extraction kits, amplified with 16S ITS1F/ITS2 primers, PCR product diluted to 7.013 ng/µl for sequencing.	fastq	lane1-s152-index-GCTGTTGT-CCACATTGNNNN-Dc149_S152_L001_R1_001.fastq.gz	lane1-s152-index-GCTGTTGT-CCACATTGNNNN-Dc149_S152_L001_R2_001.fastq.gz
Dc150		s153-index-GCTGTTGT-TCGAGAGTNNNN	ITS metabarcoding of Danthonia californica fungal endophytes from USA: Washington, Coupeville, Whidbey Island	AMPLICON	METAGENOMIC	PCR	paired	Illumina	Illumina MiSeq	DNA extracted from plant leaves using column extraction kits, amplified with 16S ITS1F/ITS2 primers, PCR product diluted to 7.013 ng/µl for sequencing.	fastq	lane1-s153-index-GCTGTTGT-TCGAGAGTNNNN-Dc150_S153_L001_R1_001.fastq.gz	lane1-s153-index-GCTGTTGT-TCGAGAGTNNNN-Dc150_S153_L001_R2_001.fastq.gz
Dc151		s154-index-GCTGTTGT-GGTCGTATNNNN	ITS metabarcoding of Danthonia californica fungal endophytes from USA: Washington, Coupeville, Whidbey Island	AMPLICON	METAGENOMIC	PCR	paired	Illumina	Illumina MiSeq	DNA extracted from plant leaves using column extraction kits, amplified with 16S ITS1F/ITS2 primers, PCR product diluted to 7.013 ng/µl for sequencing.	fastq	lane1-s154-index-GCTGTTGT-GGTCGTATNNNN-Dc151_S154_L001_R1_001.fastq.gz	lane1-s154-index-GCTGTTGT-GGTCGTATNNNN-Dc151_S154_L001_R2_001.fastq.gz
Dc152		s155-index-GCTGTTGT-ACAGGCATNNNN	ITS metabarcoding of Danthonia californica fungal endophytes from USA: Washington, Coupeville, Whidbey Island	AMPLICON	METAGENOMIC	PCR	paired	Illumina	Illumina MiSeq	DNA extracted from plant leaves using column extraction kits, amplified with 16S ITS1F/ITS2 primers, PCR product diluted to 7.013 ng/µl for sequencing.	fastq	lane1-s155-index-GCTGTTGT-ACAGGCATNNNN-Dc152_S155_L001_R1_001.fastq.gz	lane1-s155-index-GCTGTTGT-ACAGGCATNNNN-Dc152_S155_L001_R2_001.fastq.gz
Dc153		s156-index-GCTGTTGT-GTGATCCANNNN	ITS metabarcoding of Danthonia californica fungal endophytes from USA: Washington, Coupeville, Whidbey Island	AMPLICON	METAGENOMIC	PCR	paired	Illumina	Illumina MiSeq	DNA extracted from plant leaves using column extraction kits, amplified with 16S ITS1F/ITS2 primers, PCR product diluted to 7.013 ng/µl for sequencing.	fastq	lane1-s156-index-GCTGTTGT-GTGATCCANNNN-Dc153_S156_L001_R1_001.fastq.gz	lane1-s156-index-GCTGTTGT-GTGATCCANNNN-Dc153_S156_L001_R2_001.fastq.gz
Dc154		s157-index-GCTGTTGT-TTCGTACGNNNN	ITS metabarcoding of Danthonia californica fungal endophytes from USA: Washington, Coupeville, Whidbey Island	AMPLICON	METAGENOMIC	PCR	paired	Illumina	Illumina MiSeq	DNA extracted from plant leaves using column extraction kits, amplified with 16S ITS1F/ITS2 primers, PCR product diluted to 7.013 ng/µl for sequencing.	fastq	lane1-s157-index-GCTGTTGT-TTCGTACGNNNN-Dc154_S157_L001_R1_001.fastq.gz	lane1-s157-index-GCTGTTGT-TTCGTACGNNNN-Dc154_S157_L001_R2_001.fastq.gz
Dc155		s158-index-GCTGTTGT-ATGACAGGNNNN	ITS metabarcoding of Danthonia californica fungal endophytes from USA: Washington, Coupeville, Whidbey Island	AMPLICON	METAGENOMIC	PCR	paired	Illumina	Illumina MiSeq	DNA extracted from plant leaves using column extraction kits, amplified with 16S ITS1F/ITS2 primers, PCR product diluted to 7.013 ng/µl for sequencing.	fastq	lane1-s158-index-GCTGTTGT-ATGACAGGNNNN-Dc155_S158_L001_R1_001.fastq.gz	lane1-s158-index-GCTGTTGT-ATGACAGGNNNN-Dc155_S158_L001_R2_001.fastq.gz
Dc156		s159-index-GCTGTTGT-CGACCTAANNNN	ITS metabarcoding of Danthonia californica fungal endophytes from USA: Washington, Coupeville, Whidbey Island	AMPLICON	METAGENOMIC	PCR	paired	Illumina	Illumina MiSeq	DNA extracted from plant leaves using column extraction kits, amplified with 16S ITS1F/ITS2 primers, PCR product diluted to 7.013 ng/µl for sequencing.	fastq	lane1-s159-index-GCTGTTGT-CGACCTAANNNN-Dc156_S159_L001_R1_001.fastq.gz	lane1-s159-index-GCTGTTGT-CGACCTAANNNN-Dc156_S159_L001_R2_001.fastq.gz
DcNeg		s163-index-AAGCACTG-CGACCTAANNNN	ITS metabarcoding of lab negative control	AMPLICON	METAGENOMIC	PCR	paired	Illumina	Illumina MiSeq	DNA extracted from individual fungal cultures or pure water controls  using column extraction kits, DNA extracts combined in equimolar amounts and amplified with 16S ITS1F/ITS2 primers, PCR product diluted to 7.013 ng/µl for sequencing.	fastq	lane1-s163-index-AAGCACTG-CGACCTAANNNN-Dc-Neg_S163_L001_R1_001.fastq.gz	lane1-s163-index-AAGCACTG-CGACCTAANNNN-Dc-Neg_S163_L001_R2_001.fastq.gz
DcPosG		s161-index-AAGCACTG-TTCGTACGNNNN	ITS metabarcoding of mock community control, genomic DNA	AMPLICON	METAGENOMIC	PCR	paired	Illumina	Illumina MiSeq	DNA extracted from individual fungal cultures or pure water controls  using column extraction kits, DNA extracts combined in equimolar amounts and amplified with 16S ITS1F/ITS2 primers, PCR product diluted to 7.013 ng/µl for sequencing.	fastq	lane1-s161-index-AAGCACTG-TTCGTACGNNNN-Dc-PosG_S161_L001_R1_001.fastq.gz	lane1-s161-index-AAGCACTG-TTCGTACGNNNN-Dc-PosG_S161_L001_R2_001.fastq.gz
DcPosI		s162-index-AAGCACTG-ATGACAGGNNNN	ITS metabarcoding of mock community control, ITS amplicons	AMPLICON	METAGENOMIC	PCR	paired	Illumina	Illumina MiSeq	DNA extracted from individual fungal cultures or pure water controls  using column extraction kits, DNA extracts combined in equimolar amounts and amplified with 16S ITS1F/ITS2 primers, PCR product diluted to 7.013 ng/µl for sequencing.	fastq	lane1-s162-index-AAGCACTG-ATGACAGGNNNN-Dc-PosI_S162_L001_R1_001.fastq.gz	lane1-s162-index-AAGCACTG-ATGACAGGNNNN-Dc-PosI_S162_L001_R2_001.fastq.gz
DcX		s160-index-AAGCACTG-GTGATCCANNNN	ITS metabarcoding of single species control, genomic DNA	AMPLICON	METAGENOMIC	PCR	paired	Illumina	Illumina MiSeq	DNA extracted from individual fungal cultures or pure water controls  using column extraction kits, DNA extracts combined in equimolar amounts and amplified with 16S ITS1F/ITS2 primers, PCR product diluted to 7.013 ng/µl for sequencing.	fastq	lane1-s160-index-AAGCACTG-GTGATCCANNNN-Dc-X_S160_L001_R1_001.fastq.gz	lane1-s160-index-AAGCACTG-GTGATCCANNNN-Dc-X_S160_L001_R2_001.fastq.gz
Fr13		s005-index-CTAGGTGA-TTGCTTGGNNNN	ITS metabarcoding of Festuca roemeri fungal endophytes from USA: Oregon, Cave Junction, French Flat	AMPLICON	METAGENOMIC	PCR	paired	Illumina	Illumina MiSeq	DNA extracted from plant leaves using column extraction kits, amplified with 16S ITS1F/ITS2 primers, PCR product diluted to 7.013 ng/µl for sequencing.	fastq	lane1-s005-index-CTAGGTGA-TTGCTTGGNNNN-Fr13_S5_L001_R1_001.fastq.gz	lane1-s005-index-CTAGGTGA-TTGCTTGGNNNN-Fr13_S5_L001_R2_001.fastq.gz
Fr14		s006-index-CTAGGTGA-CCTGTCAANNNN	ITS metabarcoding of Festuca roemeri fungal endophytes from USA: Oregon, Cave Junction, French Flat	AMPLICON	METAGENOMIC	PCR	paired	Illumina	Illumina MiSeq	DNA extracted from plant leaves using column extraction kits, amplified with 16S ITS1F/ITS2 primers, PCR product diluted to 7.013 ng/µl for sequencing.	fastq	lane1-s006-index-CTAGGTGA-CCTGTCAANNNN-Fr14_S6_L001_R1_001.fastq.gz	lane1-s006-index-CTAGGTGA-CCTGTCAANNNN-Fr14_S6_L001_R2_001.fastq.gz
Fr15		s007-index-CTAGGTGA-AGCCTATCNNNN	ITS metabarcoding of Festuca roemeri fungal endophytes from USA: Oregon, Cave Junction, French Flat	AMPLICON	METAGENOMIC	PCR	paired	Illumina	Illumina MiSeq	DNA extracted from plant leaves using column extraction kits, amplified with 16S ITS1F/ITS2 primers, PCR product diluted to 7.013 ng/µl for sequencing.	fastq	lane1-s007-index-CTAGGTGA-AGCCTATCNNNN-Fr15_S7_L001_R1_001.fastq.gz	lane1-s007-index-CTAGGTGA-AGCCTATCNNNN-Fr15_S7_L001_R2_001.fastq.gz
Fr16		s008-index-CTAGGTGA-TGATCACGNNNN	ITS metabarcoding of Festuca roemeri fungal endophytes from USA: Oregon, Cave Junction, French Flat	AMPLICON	METAGENOMIC	PCR	paired	Illumina	Illumina MiSeq	DNA extracted from plant leaves using column extraction kits, amplified with 16S ITS1F/ITS2 primers, PCR product diluted to 7.013 ng/µl for sequencing.	fastq	lane1-s008-index-CTAGGTGA-TGATCACGNNNN-Fr16_S8_L001_R1_001.fastq.gz	lane1-s008-index-CTAGGTGA-TGATCACGNNNN-Fr16_S8_L001_R2_001.fastq.gz
Fr17		s009-index-CTAGGTGA-CCACATTGNNNN	ITS metabarcoding of Festuca roemeri fungal endophytes from USA: Oregon, Cave Junction, French Flat	AMPLICON	METAGENOMIC	PCR	paired	Illumina	Illumina MiSeq	DNA extracted from plant leaves using column extraction kits, amplified with 16S ITS1F/ITS2 primers, PCR product diluted to 7.013 ng/µl for sequencing.	fastq	lane1-s009-index-CTAGGTGA-CCACATTGNNNN-Fr17_S9_L001_R1_001.fastq.gz	lane1-s009-index-CTAGGTGA-CCACATTGNNNN-Fr17_S9_L001_R2_001.fastq.gz
Fr18		s010-index-CTAGGTGA-TCGAGAGTNNNN	ITS metabarcoding of Festuca roemeri fungal endophytes from USA: Oregon, Cave Junction, French Flat	AMPLICON	METAGENOMIC	PCR	paired	Illumina	Illumina MiSeq	DNA extracted from plant leaves using column extraction kits, amplified with 16S ITS1F/ITS2 primers, PCR product diluted to 7.013 ng/µl for sequencing.	fastq	lane1-s010-index-CTAGGTGA-TCGAGAGTNNNN-Fr18_S10_L001_R1_001.fastq.gz	lane1-s010-index-CTAGGTGA-TCGAGAGTNNNN-Fr18_S10_L001_R2_001.fastq.gz
Fr19		s011-index-CTAGGTGA-GGTCGTATNNNN	ITS metabarcoding of Festuca roemeri fungal endophytes from USA: Oregon, Cave Junction, French Flat	AMPLICON	METAGENOMIC	PCR	paired	Illumina	Illumina MiSeq	DNA extracted from plant leaves using column extraction kits, amplified with 16S ITS1F/ITS2 primers, PCR product diluted to 7.013 ng/µl for sequencing.	fastq	lane1-s011-index-CTAGGTGA-GGTCGTATNNNN-Fr19_S11_L001_R1_001.fastq.gz	lane1-s011-index-CTAGGTGA-GGTCGTATNNNN-Fr19_S11_L001_R2_001.fastq.gz
Fr20		s012-index-CTAGGTGA-ACAGGCATNNNN	ITS metabarcoding of Festuca roemeri fungal endophytes from USA: Oregon, Cave Junction, French Flat	AMPLICON	METAGENOMIC	PCR	paired	Illumina	Illumina MiSeq	DNA extracted from plant leaves using column extraction kits, amplified with 16S ITS1F/ITS2 primers, PCR product diluted to 7.013 ng/µl for sequencing.	fastq	lane1-s012-index-CTAGGTGA-ACAGGCATNNNN-Fr20_S12_L001_R1_001.fastq.gz	lane1-s012-index-CTAGGTGA-ACAGGCATNNNN-Fr20_S12_L001_R2_001.fastq.gz
Fr21		s013-index-CTAGGTGA-GTGATCCANNNN	ITS metabarcoding of Festuca roemeri fungal endophytes from USA: Oregon, Cave Junction, French Flat	AMPLICON	METAGENOMIC	PCR	paired	Illumina	Illumina MiSeq	DNA extracted from plant leaves using column extraction kits, amplified with 16S ITS1F/ITS2 primers, PCR product diluted to 7.013 ng/µl for sequencing.	fastq	lane1-s013-index-CTAGGTGA-GTGATCCANNNN-Fr21_S13_L001_R1_001.fastq.gz	lane1-s013-index-CTAGGTGA-GTGATCCANNNN-Fr21_S13_L001_R2_001.fastq.gz
Fr22		s014-index-CTAGGTGA-TTCGTACGNNNN	ITS metabarcoding of Festuca roemeri fungal endophytes from USA: Oregon, Cave Junction, French Flat	AMPLICON	METAGENOMIC	PCR	paired	Illumina	Illumina MiSeq	DNA extracted from plant leaves using column extraction kits, amplified with 16S ITS1F/ITS2 primers, PCR product diluted to 7.013 ng/µl for sequencing.	fastq	lane1-s014-index-CTAGGTGA-TTCGTACGNNNN-Fr22_S14_L001_R1_001.fastq.gz	lane1-s014-index-CTAGGTGA-TTCGTACGNNNN-Fr22_S14_L001_R2_001.fastq.gz
Fr23		s015-index-CTAGGTGA-ATGACAGGNNNN	ITS metabarcoding of Festuca roemeri fungal endophytes from USA: Oregon, Cave Junction, French Flat	AMPLICON	METAGENOMIC	PCR	paired	Illumina	Illumina MiSeq	DNA extracted from plant leaves using column extraction kits, amplified with 16S ITS1F/ITS2 primers, PCR product diluted to 7.013 ng/µl for sequencing.	fastq	lane1-s015-index-CTAGGTGA-ATGACAGGNNNN-Fr23_S15_L001_R1_001.fastq.gz	lane1-s015-index-CTAGGTGA-ATGACAGGNNNN-Fr23_S15_L001_R2_001.fastq.gz
Fr24		s016-index-CTAGGTGA-CGACCTAANNNN	ITS metabarcoding of Festuca roemeri fungal endophytes from USA: Oregon, Cave Junction, French Flat	AMPLICON	METAGENOMIC	PCR	paired	Illumina	Illumina MiSeq	DNA extracted from plant leaves using column extraction kits, amplified with 16S ITS1F/ITS2 primers, PCR product diluted to 7.013 ng/µl for sequencing.	fastq	lane1-s016-index-CTAGGTGA-CGACCTAANNNN-Fr24_S16_L001_R1_001.fastq.gz	lane1-s016-index-CTAGGTGA-CGACCTAANNNN-Fr24_S16_L001_R2_001.fastq.gz
Fr49		s017-index-ACGACTTG-TTGCTTGGNNNN	ITS metabarcoding of Festuca roemeri fungal endophytes from USA: Medford, Upper Table Rock	AMPLICON	METAGENOMIC	PCR	paired	Illumina	Illumina MiSeq	DNA extracted from plant leaves using column extraction kits, amplified with 16S ITS1F/ITS2 primers, PCR product diluted to 7.013 ng/µl for sequencing.	fastq	lane1-s017-index-ACGACTTG-TTGCTTGGNNNN-Fr49_S17_L001_R1_001.fastq.gz	lane1-s017-index-ACGACTTG-TTGCTTGGNNNN-Fr49_S17_L001_R2_001.fastq.gz
Fr50		s018-index-ACGACTTG-CCTGTCAANNNN	ITS metabarcoding of Festuca roemeri fungal endophytes from USA: Medford, Upper Table Rock	AMPLICON	METAGENOMIC	PCR	paired	Illumina	Illumina MiSeq	DNA extracted from plant leaves using column extraction kits, amplified with 16S ITS1F/ITS2 primers, PCR product diluted to 7.013 ng/µl for sequencing.	fastq	lane1-s018-index-ACGACTTG-CCTGTCAANNNN-Fr50_S18_L001_R1_001.fastq.gz	lane1-s018-index-ACGACTTG-CCTGTCAANNNN-Fr50_S18_L001_R2_001.fastq.gz
Fr51		s019-index-ACGACTTG-AGCCTATCNNNN	ITS metabarcoding of Festuca roemeri fungal endophytes from USA: Medford, Upper Table Rock	AMPLICON	METAGENOMIC	PCR	paired	Illumina	Illumina MiSeq	DNA extracted from plant leaves using column extraction kits, amplified with 16S ITS1F/ITS2 primers, PCR product diluted to 7.013 ng/µl for sequencing.	fastq	lane1-s019-index-ACGACTTG-AGCCTATCNNNN-Fr51_S19_L001_R1_001.fastq.gz	lane1-s019-index-ACGACTTG-AGCCTATCNNNN-Fr51_S19_L001_R2_001.fastq.gz
Fr52		s020-index-ACGACTTG-TGATCACGNNNN	ITS metabarcoding of Festuca roemeri fungal endophytes from USA: Medford, Upper Table Rock	AMPLICON	METAGENOMIC	PCR	paired	Illumina	Illumina MiSeq	DNA extracted from plant leaves using column extraction kits, amplified with 16S ITS1F/ITS2 primers, PCR product diluted to 7.013 ng/µl for sequencing.	fastq	lane1-s020-index-ACGACTTG-TGATCACGNNNN-Fr52_S20_L001_R1_001.fastq.gz	lane1-s020-index-ACGACTTG-TGATCACGNNNN-Fr52_S20_L001_R2_001.fastq.gz
Fr53		s021-index-ACGACTTG-CCACATTGNNNN	ITS metabarcoding of Festuca roemeri fungal endophytes from USA: Medford, Upper Table Rock	AMPLICON	METAGENOMIC	PCR	paired	Illumina	Illumina MiSeq	DNA extracted from plant leaves using column extraction kits, amplified with 16S ITS1F/ITS2 primers, PCR product diluted to 7.013 ng/µl for sequencing.	fastq	lane1-s021-index-ACGACTTG-CCACATTGNNNN-Fr53_S21_L001_R1_001.fastq.gz	lane1-s021-index-ACGACTTG-CCACATTGNNNN-Fr53_S21_L001_R2_001.fastq.gz
Fr54		s022-index-ACGACTTG-TCGAGAGTNNNN	ITS metabarcoding of Festuca roemeri fungal endophytes from USA: Medford, Upper Table Rock	AMPLICON	METAGENOMIC	PCR	paired	Illumina	Illumina MiSeq	DNA extracted from plant leaves using column extraction kits, amplified with 16S ITS1F/ITS2 primers, PCR product diluted to 7.013 ng/µl for sequencing.	fastq	lane1-s022-index-ACGACTTG-TCGAGAGTNNNN-Fr54_S22_L001_R1_001.fastq.gz	lane1-s022-index-ACGACTTG-TCGAGAGTNNNN-Fr54_S22_L001_R2_001.fastq.gz
Fr55		s023-index-ACGACTTG-GGTCGTATNNNN	ITS metabarcoding of Festuca roemeri fungal endophytes from USA: Medford, Upper Table Rock	AMPLICON	METAGENOMIC	PCR	paired	Illumina	Illumina MiSeq	DNA extracted from plant leaves using column extraction kits, amplified with 16S ITS1F/ITS2 primers, PCR product diluted to 7.013 ng/µl for sequencing.	fastq	lane1-s023-index-ACGACTTG-GGTCGTATNNNN-Fr55_S23_L001_R1_001.fastq.gz	lane1-s023-index-ACGACTTG-GGTCGTATNNNN-Fr55_S23_L001_R2_001.fastq.gz
Fr56		s024-index-ACGACTTG-ACAGGCATNNNN	ITS metabarcoding of Festuca roemeri fungal endophytes from USA: Medford, Upper Table Rock	AMPLICON	METAGENOMIC	PCR	paired	Illumina	Illumina MiSeq	DNA extracted from plant leaves using column extraction kits, amplified with 16S ITS1F/ITS2 primers, PCR product diluted to 7.013 ng/µl for sequencing.	fastq	lane1-s024-index-ACGACTTG-ACAGGCATNNNN-Fr56_S24_L001_R1_001.fastq.gz	lane1-s024-index-ACGACTTG-ACAGGCATNNNN-Fr56_S24_L001_R2_001.fastq.gz
Fr57		s025-index-ACGACTTG-GTGATCCANNNN	ITS metabarcoding of Festuca roemeri fungal endophytes from USA: Medford, Upper Table Rock	AMPLICON	METAGENOMIC	PCR	paired	Illumina	Illumina MiSeq	DNA extracted from plant leaves using column extraction kits, amplified with 16S ITS1F/ITS2 primers, PCR product diluted to 7.013 ng/µl for sequencing.	fastq	lane1-s025-index-ACGACTTG-GTGATCCANNNN-Fr57_S25_L001_R1_001.fastq.gz	lane1-s025-index-ACGACTTG-GTGATCCANNNN-Fr57_S25_L001_R2_001.fastq.gz
Fr58		s026-index-ACGACTTG-TTCGTACGNNNN	ITS metabarcoding of Festuca roemeri fungal endophytes from USA: Medford, Upper Table Rock	AMPLICON	METAGENOMIC	PCR	paired	Illumina	Illumina MiSeq	DNA extracted from plant leaves using column extraction kits, amplified with 16S ITS1F/ITS2 primers, PCR product diluted to 7.013 ng/µl for sequencing.	fastq	lane1-s026-index-ACGACTTG-TTCGTACGNNNN-Fr58_S26_L001_R1_001.fastq.gz	lane1-s026-index-ACGACTTG-TTCGTACGNNNN-Fr58_S26_L001_R2_001.fastq.gz
Fr59		s027-index-ACGACTTG-ATGACAGGNNNN	ITS metabarcoding of Festuca roemeri fungal endophytes from USA: Medford, Upper Table Rock	AMPLICON	METAGENOMIC	PCR	paired	Illumina	Illumina MiSeq	DNA extracted from plant leaves using column extraction kits, amplified with 16S ITS1F/ITS2 primers, PCR product diluted to 7.013 ng/µl for sequencing.	fastq	lane1-s027-index-ACGACTTG-ATGACAGGNNNN-Fr59_S27_L001_R1_001.fastq.gz	lane1-s027-index-ACGACTTG-ATGACAGGNNNN-Fr59_S27_L001_R2_001.fastq.gz
Fr60		s028-index-ACGACTTG-CGACCTAANNNN	ITS metabarcoding of Festuca roemeri fungal endophytes from USA: Medford, Upper Table Rock	AMPLICON	METAGENOMIC	PCR	paired	Illumina	Illumina MiSeq	DNA extracted from plant leaves using column extraction kits, amplified with 16S ITS1F/ITS2 primers, PCR product diluted to 7.013 ng/µl for sequencing.	fastq	lane1-s028-index-ACGACTTG-CGACCTAANNNN-Fr60_S28_L001_R1_001.fastq.gz	lane1-s028-index-ACGACTTG-CGACCTAANNNN-Fr60_S28_L001_R2_001.fastq.gz
Fr61		s077-index-ACCATCCA-TTGCTTGGNNNN	ITS metabarcoding of Festuca roemeri fungal endophytes from USA: Oregon, Medford, Roxy Ann Peak	AMPLICON	METAGENOMIC	PCR	paired	Illumina	Illumina MiSeq	DNA extracted from plant leaves using column extraction kits, amplified with 16S ITS1F/ITS2 primers, PCR product diluted to 7.013 ng/µl for sequencing.	fastq	lane1-s077-index-ACCATCCA-TTGCTTGGNNNN-Fr61_S77_L001_R1_001.fastq.gz	lane1-s077-index-ACCATCCA-TTGCTTGGNNNN-Fr61_S77_L001_R2_001.fastq.gz
Fr62		s078-index-ACCATCCA-CCTGTCAANNNN	ITS metabarcoding of Festuca roemeri fungal endophytes from USA: Oregon, Medford, Roxy Ann Peak	AMPLICON	METAGENOMIC	PCR	paired	Illumina	Illumina MiSeq	DNA extracted from plant leaves using column extraction kits, amplified with 16S ITS1F/ITS2 primers, PCR product diluted to 7.013 ng/µl for sequencing.	fastq	lane1-s078-index-ACCATCCA-CCTGTCAANNNN-Fr62_S78_L001_R1_001.fastq.gz	lane1-s078-index-ACCATCCA-CCTGTCAANNNN-Fr62_S78_L001_R2_001.fastq.gz
Fr63		s079-index-ACCATCCA-AGCCTATCNNNN	ITS metabarcoding of Festuca roemeri fungal endophytes from USA: Oregon, Medford, Roxy Ann Peak	AMPLICON	METAGENOMIC	PCR	paired	Illumina	Illumina MiSeq	DNA extracted from plant leaves using column extraction kits, amplified with 16S ITS1F/ITS2 primers, PCR product diluted to 7.013 ng/µl for sequencing.	fastq	lane1-s079-index-ACCATCCA-AGCCTATCNNNN-Fr63_S79_L001_R1_001.fastq.gz	lane1-s079-index-ACCATCCA-AGCCTATCNNNN-Fr63_S79_L001_R2_001.fastq.gz
Fr64		s080-index-ACCATCCA-TGATCACGNNNN	ITS metabarcoding of Festuca roemeri fungal endophytes from USA: Oregon, Medford, Roxy Ann Peak	AMPLICON	METAGENOMIC	PCR	paired	Illumina	Illumina MiSeq	DNA extracted from plant leaves using column extraction kits, amplified with 16S ITS1F/ITS2 primers, PCR product diluted to 7.013 ng/µl for sequencing.	fastq	lane1-s080-index-ACCATCCA-TGATCACGNNNN-Fr64_S80_L001_R1_001.fastq.gz	lane1-s080-index-ACCATCCA-TGATCACGNNNN-Fr64_S80_L001_R2_001.fastq.gz
Fr65		s081-index-ACCATCCA-CCACATTGNNNN	ITS metabarcoding of Festuca roemeri fungal endophytes from USA: Oregon, Medford, Roxy Ann Peak	AMPLICON	METAGENOMIC	PCR	paired	Illumina	Illumina MiSeq	DNA extracted from plant leaves using column extraction kits, amplified with 16S ITS1F/ITS2 primers, PCR product diluted to 7.013 ng/µl for sequencing.	fastq	lane1-s081-index-ACCATCCA-CCACATTGNNNN-Fr65_S81_L001_R1_001.fastq.gz	lane1-s081-index-ACCATCCA-CCACATTGNNNN-Fr65_S81_L001_R2_001.fastq.gz
Fr66		s082-index-ACCATCCA-TCGAGAGTNNNN	ITS metabarcoding of Festuca roemeri fungal endophytes from USA: Oregon, Medford, Roxy Ann Peak	AMPLICON	METAGENOMIC	PCR	paired	Illumina	Illumina MiSeq	DNA extracted from plant leaves using column extraction kits, amplified with 16S ITS1F/ITS2 primers, PCR product diluted to 7.013 ng/µl for sequencing.	fastq	lane1-s082-index-ACCATCCA-TCGAGAGTNNNN-Fr66_S82_L001_R1_001.fastq.gz	lane1-s082-index-ACCATCCA-TCGAGAGTNNNN-Fr66_S82_L001_R2_001.fastq.gz
Fr67		s083-index-ACCATCCA-GGTCGTATNNNN	ITS metabarcoding of Festuca roemeri fungal endophytes from USA: Oregon, Medford, Roxy Ann Peak	AMPLICON	METAGENOMIC	PCR	paired	Illumina	Illumina MiSeq	DNA extracted from plant leaves using column extraction kits, amplified with 16S ITS1F/ITS2 primers, PCR product diluted to 7.013 ng/µl for sequencing.	fastq	lane1-s083-index-ACCATCCA-GGTCGTATNNNN-Fr67_S83_L001_R1_001.fastq.gz	lane1-s083-index-ACCATCCA-GGTCGTATNNNN-Fr67_S83_L001_R2_001.fastq.gz
Fr68		s084-index-ACCATCCA-ACAGGCATNNNN	ITS metabarcoding of Festuca roemeri fungal endophytes from USA: Oregon, Medford, Roxy Ann Peak	AMPLICON	METAGENOMIC	PCR	paired	Illumina	Illumina MiSeq	DNA extracted from plant leaves using column extraction kits, amplified with 16S ITS1F/ITS2 primers, PCR product diluted to 7.013 ng/µl for sequencing.	fastq	lane1-s084-index-ACCATCCA-ACAGGCATNNNN-Fr68_S84_L001_R1_001.fastq.gz	lane1-s084-index-ACCATCCA-ACAGGCATNNNN-Fr68_S84_L001_R2_001.fastq.gz
Fr69		s085-index-ACCATCCA-GTGATCCANNNN	ITS metabarcoding of Festuca roemeri fungal endophytes from USA: Oregon, Medford, Roxy Ann Peak	AMPLICON	METAGENOMIC	PCR	paired	Illumina	Illumina MiSeq	DNA extracted from plant leaves using column extraction kits, amplified with 16S ITS1F/ITS2 primers, PCR product diluted to 7.013 ng/µl for sequencing.	fastq	lane1-s085-index-ACCATCCA-GTGATCCANNNN-Fr69_S85_L001_R1_001.fastq.gz	lane1-s085-index-ACCATCCA-GTGATCCANNNN-Fr69_S85_L001_R2_001.fastq.gz
Fr70		s086-index-ACCATCCA-TTCGTACGNNNN	ITS metabarcoding of Festuca roemeri fungal endophytes from USA: Oregon, Medford, Roxy Ann Peak	AMPLICON	METAGENOMIC	PCR	paired	Illumina	Illumina MiSeq	DNA extracted from plant leaves using column extraction kits, amplified with 16S ITS1F/ITS2 primers, PCR product diluted to 7.013 ng/µl for sequencing.	fastq	lane1-s086-index-ACCATCCA-TTCGTACGNNNN-Fr70_S86_L001_R1_001.fastq.gz	lane1-s086-index-ACCATCCA-TTCGTACGNNNN-Fr70_S86_L001_R2_001.fastq.gz
Fr71		s087-index-ACCATCCA-ATGACAGGNNNN	ITS metabarcoding of Festuca roemeri fungal endophytes from USA: Oregon, Medford, Roxy Ann Peak	AMPLICON	METAGENOMIC	PCR	paired	Illumina	Illumina MiSeq	DNA extracted from plant leaves using column extraction kits, amplified with 16S ITS1F/ITS2 primers, PCR product diluted to 7.013 ng/µl for sequencing.	fastq	lane1-s087-index-ACCATCCA-ATGACAGGNNNN-Fr71_S87_L001_R1_001.fastq.gz	lane1-s087-index-ACCATCCA-ATGACAGGNNNN-Fr71_S87_L001_R2_001.fastq.gz
Fr72		s088-index-ACCATCCA-CGACCTAANNNN	ITS metabarcoding of Festuca roemeri fungal endophytes from USA: Oregon, Medford, Roxy Ann Peak	AMPLICON	METAGENOMIC	PCR	paired	Illumina	Illumina MiSeq	DNA extracted from plant leaves using column extraction kits, amplified with 16S ITS1F/ITS2 primers, PCR product diluted to 7.013 ng/µl for sequencing.	fastq	lane1-s088-index-ACCATCCA-CGACCTAANNNN-Fr72_S88_L001_R1_001.fastq.gz	lane1-s088-index-ACCATCCA-CGACCTAANNNN-Fr72_S88_L001_R2_001.fastq.gz
Fr85		s029-index-GCATACAG-TTGCTTGGNNNN	ITS metabarcoding of Festuca roemeri fungal endophytes from USA: Oregon, Eugene, Hazel Dell	AMPLICON	METAGENOMIC	PCR	paired	Illumina	Illumina MiSeq	DNA extracted from plant leaves using column extraction kits, amplified with 16S ITS1F/ITS2 primers, PCR product diluted to 7.013 ng/µl for sequencing.	fastq	lane1-s029-index-GCATACAG-TTGCTTGGNNNN-Fr85_S29_L001_R1_001.fastq.gz	lane1-s029-index-GCATACAG-TTGCTTGGNNNN-Fr85_S29_L001_R2_001.fastq.gz
Fr86		s030-index-GCATACAG-CCTGTCAANNNN	ITS metabarcoding of Festuca roemeri fungal endophytes from USA: Oregon, Eugene, Hazel Dell	AMPLICON	METAGENOMIC	PCR	paired	Illumina	Illumina MiSeq	DNA extracted from plant leaves using column extraction kits, amplified with 16S ITS1F/ITS2 primers, PCR product diluted to 7.013 ng/µl for sequencing.	fastq	lane1-s030-index-GCATACAG-CCTGTCAANNNN-Fr86_S30_L001_R1_001.fastq.gz	lane1-s030-index-GCATACAG-CCTGTCAANNNN-Fr86_S30_L001_R2_001.fastq.gz
Fr87		s031-index-GCATACAG-AGCCTATCNNNN	ITS metabarcoding of Festuca roemeri fungal endophytes from USA: Oregon, Eugene, Hazel Dell	AMPLICON	METAGENOMIC	PCR	paired	Illumina	Illumina MiSeq	DNA extracted from plant leaves using column extraction kits, amplified with 16S ITS1F/ITS2 primers, PCR product diluted to 7.013 ng/µl for sequencing.	fastq	lane1-s031-index-GCATACAG-AGCCTATCNNNN-Fr87_S31_L001_R1_001.fastq.gz	lane1-s031-index-GCATACAG-AGCCTATCNNNN-Fr87_S31_L001_R2_001.fastq.gz
Fr88		s032-index-GCATACAG-TGATCACGNNNN	ITS metabarcoding of Festuca roemeri fungal endophytes from USA: Oregon, Eugene, Hazel Dell	AMPLICON	METAGENOMIC	PCR	paired	Illumina	Illumina MiSeq	DNA extracted from plant leaves using column extraction kits, amplified with 16S ITS1F/ITS2 primers, PCR product diluted to 7.013 ng/µl for sequencing.	fastq	lane1-s032-index-GCATACAG-TGATCACGNNNN-Fr88_S32_L001_R1_001.fastq.gz	lane1-s032-index-GCATACAG-TGATCACGNNNN-Fr88_S32_L001_R2_001.fastq.gz
Fr89		s033-index-GCATACAG-CCACATTGNNNN	ITS metabarcoding of Festuca roemeri fungal endophytes from USA: Oregon, Eugene, Hazel Dell	AMPLICON	METAGENOMIC	PCR	paired	Illumina	Illumina MiSeq	DNA extracted from plant leaves using column extraction kits, amplified with 16S ITS1F/ITS2 primers, PCR product diluted to 7.013 ng/µl for sequencing.	fastq	lane1-s033-index-GCATACAG-CCACATTGNNNN-Fr89_S33_L001_R1_001.fastq.gz	lane1-s033-index-GCATACAG-CCACATTGNNNN-Fr89_S33_L001_R2_001.fastq.gz
Fr90		s034-index-GCATACAG-TCGAGAGTNNNN	ITS metabarcoding of Festuca roemeri fungal endophytes from USA: Oregon, Eugene, Hazel Dell	AMPLICON	METAGENOMIC	PCR	paired	Illumina	Illumina MiSeq	DNA extracted from plant leaves using column extraction kits, amplified with 16S ITS1F/ITS2 primers, PCR product diluted to 7.013 ng/µl for sequencing.	fastq	lane1-s034-index-GCATACAG-TCGAGAGTNNNN-Fr90_S34_L001_R1_001.fastq.gz	lane1-s034-index-GCATACAG-TCGAGAGTNNNN-Fr90_S34_L001_R2_001.fastq.gz
Fr91		s035-index-GCATACAG-GGTCGTATNNNN	ITS metabarcoding of Festuca roemeri fungal endophytes from USA: Oregon, Eugene, Hazel Dell	AMPLICON	METAGENOMIC	PCR	paired	Illumina	Illumina MiSeq	DNA extracted from plant leaves using column extraction kits, amplified with 16S ITS1F/ITS2 primers, PCR product diluted to 7.013 ng/µl for sequencing.	fastq	lane1-s035-index-GCATACAG-GGTCGTATNNNN-Fr91_S35_L001_R1_001.fastq.gz	lane1-s035-index-GCATACAG-GGTCGTATNNNN-Fr91_S35_L001_R2_001.fastq.gz
Fr92		s036-index-GCATACAG-ACAGGCATNNNN	ITS metabarcoding of Festuca roemeri fungal endophytes from USA: Oregon, Eugene, Hazel Dell	AMPLICON	METAGENOMIC	PCR	paired	Illumina	Illumina MiSeq	DNA extracted from plant leaves using column extraction kits, amplified with 16S ITS1F/ITS2 primers, PCR product diluted to 7.013 ng/µl for sequencing.	fastq	lane1-s036-index-GCATACAG-ACAGGCATNNNN-Fr92_S36_L001_R1_001.fastq.gz	lane1-s036-index-GCATACAG-ACAGGCATNNNN-Fr92_S36_L001_R2_001.fastq.gz
Fr93		s037-index-GCATACAG-GTGATCCANNNN	ITS metabarcoding of Festuca roemeri fungal endophytes from USA: Oregon, Eugene, Hazel Dell	AMPLICON	METAGENOMIC	PCR	paired	Illumina	Illumina MiSeq	DNA extracted from plant leaves using column extraction kits, amplified with 16S ITS1F/ITS2 primers, PCR product diluted to 7.013 ng/µl for sequencing.	fastq	lane1-s037-index-GCATACAG-GTGATCCANNNN-Fr93_S37_L001_R1_001.fastq.gz	lane1-s037-index-GCATACAG-GTGATCCANNNN-Fr93_S37_L001_R2_001.fastq.gz
Fr94		s038-index-GCATACAG-TTCGTACGNNNN	ITS metabarcoding of Festuca roemeri fungal endophytes from USA: Oregon, Eugene, Hazel Dell	AMPLICON	METAGENOMIC	PCR	paired	Illumina	Illumina MiSeq	DNA extracted from plant leaves using column extraction kits, amplified with 16S ITS1F/ITS2 primers, PCR product diluted to 7.013 ng/µl for sequencing.	fastq	lane1-s038-index-GCATACAG-TTCGTACGNNNN-Fr94_S38_L001_R1_001.fastq.gz	lane1-s038-index-GCATACAG-TTCGTACGNNNN-Fr94_S38_L001_R2_001.fastq.gz
Fr95		s039-index-GCATACAG-ATGACAGGNNNN	ITS metabarcoding of Festuca roemeri fungal endophytes from USA: Oregon, Eugene, Hazel Dell	AMPLICON	METAGENOMIC	PCR	paired	Illumina	Illumina MiSeq	DNA extracted from plant leaves using column extraction kits, amplified with 16S ITS1F/ITS2 primers, PCR product diluted to 7.013 ng/µl for sequencing.	fastq	lane1-s039-index-GCATACAG-ATGACAGGNNNN-Fr95_S39_L001_R1_001.fastq.gz	lane1-s039-index-GCATACAG-ATGACAGGNNNN-Fr95_S39_L001_R2_001.fastq.gz
Fr96		s040-index-GCATACAG-CGACCTAANNNN	ITS metabarcoding of Festuca roemeri fungal endophytes from USA: Oregon, Eugene, Hazel Dell	AMPLICON	METAGENOMIC	PCR	paired	Illumina	Illumina MiSeq	DNA extracted from plant leaves using column extraction kits, amplified with 16S ITS1F/ITS2 primers, PCR product diluted to 7.013 ng/µl for sequencing.	fastq	lane1-s040-index-GCATACAG-CGACCTAANNNN-Fr96_S40_L001_R1_001.fastq.gz	lane1-s040-index-GCATACAG-CGACCTAANNNN-Fr96_S40_L001_R2_001.fastq.gz
Fr109		s041-index-TGCGAACT-TTGCTTGGNNNN	ITS metabarcoding of Festuca roemeri fungal endophytes from USA: Oregon, Crawfordsville, Horse Rock Ridge	AMPLICON	METAGENOMIC	PCR	paired	Illumina	Illumina MiSeq	DNA extracted from plant leaves using column extraction kits, amplified with 16S ITS1F/ITS2 primers, PCR product diluted to 7.013 ng/µl for sequencing.	fastq	lane1-s041-index-TGCGAACT-TTGCTTGGNNNN-Fr109_S41_L001_R1_001.fastq.gz	lane1-s041-index-TGCGAACT-TTGCTTGGNNNN-Fr109_S41_L001_R2_001.fastq.gz
Fr110		s042-index-TGCGAACT-CCTGTCAANNNN	ITS metabarcoding of Festuca roemeri fungal endophytes from USA: Oregon, Crawfordsville, Horse Rock Ridge	AMPLICON	METAGENOMIC	PCR	paired	Illumina	Illumina MiSeq	DNA extracted from plant leaves using column extraction kits, amplified with 16S ITS1F/ITS2 primers, PCR product diluted to 7.013 ng/µl for sequencing.	fastq	lane1-s042-index-TGCGAACT-CCTGTCAANNNN-Fr110_S42_L001_R1_001.fastq.gz	lane1-s042-index-TGCGAACT-CCTGTCAANNNN-Fr110_S42_L001_R2_001.fastq.gz
Fr111		s043-index-TGCGAACT-AGCCTATCNNNN	ITS metabarcoding of Festuca roemeri fungal endophytes from USA: Oregon, Crawfordsville, Horse Rock Ridge	AMPLICON	METAGENOMIC	PCR	paired	Illumina	Illumina MiSeq	DNA extracted from plant leaves using column extraction kits, amplified with 16S ITS1F/ITS2 primers, PCR product diluted to 7.013 ng/µl for sequencing.	fastq	lane1-s043-index-TGCGAACT-AGCCTATCNNNN-Fr111_S43_L001_R1_001.fastq.gz	lane1-s043-index-TGCGAACT-AGCCTATCNNNN-Fr111_S43_L001_R2_001.fastq.gz
Fr112		s044-index-TGCGAACT-TGATCACGNNNN	ITS metabarcoding of Festuca roemeri fungal endophytes from USA: Oregon, Crawfordsville, Horse Rock Ridge	AMPLICON	METAGENOMIC	PCR	paired	Illumina	Illumina MiSeq	DNA extracted from plant leaves using column extraction kits, amplified with 16S ITS1F/ITS2 primers, PCR product diluted to 7.013 ng/µl for sequencing.	fastq	lane1-s044-index-TGCGAACT-TGATCACGNNNN-Fr112_S44_L001_R1_001.fastq.gz	lane1-s044-index-TGCGAACT-TGATCACGNNNN-Fr112_S44_L001_R2_001.fastq.gz
Fr113		s045-index-TGCGAACT-CCACATTGNNNN	ITS metabarcoding of Festuca roemeri fungal endophytes from USA: Oregon, Crawfordsville, Horse Rock Ridge	AMPLICON	METAGENOMIC	PCR	paired	Illumina	Illumina MiSeq	DNA extracted from plant leaves using column extraction kits, amplified with 16S ITS1F/ITS2 primers, PCR product diluted to 7.013 ng/µl for sequencing.	fastq	lane1-s045-index-TGCGAACT-CCACATTGNNNN-Fr113_S45_L001_R1_001.fastq.gz	lane1-s045-index-TGCGAACT-CCACATTGNNNN-Fr113_S45_L001_R2_001.fastq.gz
Fr114		s046-index-TGCGAACT-TCGAGAGTNNNN	ITS metabarcoding of Festuca roemeri fungal endophytes from USA: Oregon, Crawfordsville, Horse Rock Ridge	AMPLICON	METAGENOMIC	PCR	paired	Illumina	Illumina MiSeq	DNA extracted from plant leaves using column extraction kits, amplified with 16S ITS1F/ITS2 primers, PCR product diluted to 7.013 ng/µl for sequencing.	fastq	lane1-s046-index-TGCGAACT-TCGAGAGTNNNN-Fr114_S46_L001_R1_001.fastq.gz	lane1-s046-index-TGCGAACT-TCGAGAGTNNNN-Fr114_S46_L001_R2_001.fastq.gz
Fr115		s047-index-TGCGAACT-GGTCGTATNNNN	ITS metabarcoding of Festuca roemeri fungal endophytes from USA: Oregon, Crawfordsville, Horse Rock Ridge	AMPLICON	METAGENOMIC	PCR	paired	Illumina	Illumina MiSeq	DNA extracted from plant leaves using column extraction kits, amplified with 16S ITS1F/ITS2 primers, PCR product diluted to 7.013 ng/µl for sequencing.	fastq	lane1-s047-index-TGCGAACT-GGTCGTATNNNN-Fr115_S47_L001_R1_001.fastq.gz	lane1-s047-index-TGCGAACT-GGTCGTATNNNN-Fr115_S47_L001_R2_001.fastq.gz
Fr116		s048-index-TGCGAACT-ACAGGCATNNNN	ITS metabarcoding of Festuca roemeri fungal endophytes from USA: Oregon, Crawfordsville, Horse Rock Ridge	AMPLICON	METAGENOMIC	PCR	paired	Illumina	Illumina MiSeq	DNA extracted from plant leaves using column extraction kits, amplified with 16S ITS1F/ITS2 primers, PCR product diluted to 7.013 ng/µl for sequencing.	fastq	lane1-s048-index-TGCGAACT-ACAGGCATNNNN-Fr116_S48_L001_R1_001.fastq.gz	lane1-s048-index-TGCGAACT-ACAGGCATNNNN-Fr116_S48_L001_R2_001.fastq.gz
Fr117		s049-index-TGCGAACT-GTGATCCANNNN	ITS metabarcoding of Festuca roemeri fungal endophytes from USA: Oregon, Crawfordsville, Horse Rock Ridge	AMPLICON	METAGENOMIC	PCR	paired	Illumina	Illumina MiSeq	DNA extracted from plant leaves using column extraction kits, amplified with 16S ITS1F/ITS2 primers, PCR product diluted to 7.013 ng/µl for sequencing.	fastq	lane1-s049-index-TGCGAACT-GTGATCCANNNN-Fr117_S49_L001_R1_001.fastq.gz	lane1-s049-index-TGCGAACT-GTGATCCANNNN-Fr117_S49_L001_R2_001.fastq.gz
Fr118		s050-index-TGCGAACT-TTCGTACGNNNN	ITS metabarcoding of Festuca roemeri fungal endophytes from USA: Oregon, Crawfordsville, Horse Rock Ridge	AMPLICON	METAGENOMIC	PCR	paired	Illumina	Illumina MiSeq	DNA extracted from plant leaves using column extraction kits, amplified with 16S ITS1F/ITS2 primers, PCR product diluted to 7.013 ng/µl for sequencing.	fastq	lane1-s050-index-TGCGAACT-TTCGTACGNNNN-Fr118_S50_L001_R1_001.fastq.gz	lane1-s050-index-TGCGAACT-TTCGTACGNNNN-Fr118_S50_L001_R2_001.fastq.gz
Fr119		s051-index-TGCGAACT-ATGACAGGNNNN	ITS metabarcoding of Festuca roemeri fungal endophytes from USA: Oregon, Crawfordsville, Horse Rock Ridge	AMPLICON	METAGENOMIC	PCR	paired	Illumina	Illumina MiSeq	DNA extracted from plant leaves using column extraction kits, amplified with 16S ITS1F/ITS2 primers, PCR product diluted to 7.013 ng/µl for sequencing.	fastq	lane1-s051-index-TGCGAACT-ATGACAGGNNNN-Fr119_S51_L001_R1_001.fastq.gz	lane1-s051-index-TGCGAACT-ATGACAGGNNNN-Fr119_S51_L001_R2_001.fastq.gz
Fr120		s052-index-TGCGAACT-CGACCTAANNNN	ITS metabarcoding of Festuca roemeri fungal endophytes from USA: Oregon, Crawfordsville, Horse Rock Ridge	AMPLICON	METAGENOMIC	PCR	paired	Illumina	Illumina MiSeq	DNA extracted from plant leaves using column extraction kits, amplified with 16S ITS1F/ITS2 primers, PCR product diluted to 7.013 ng/µl for sequencing.	fastq	lane1-s052-index-TGCGAACT-CGACCTAANNNN-Fr120_S52_L001_R1_001.fastq.gz	lane1-s052-index-TGCGAACT-CGACCTAANNNN-Fr120_S52_L001_R2_001.fastq.gz
Fr133		s053-index-TCTCCGAT-TTGCTTGGNNNN	ITS metabarcoding of Festuca roemeri fungal endophytes from USA: Washington, Rainier, Upper Weir	AMPLICON	METAGENOMIC	PCR	paired	Illumina	Illumina MiSeq	DNA extracted from plant leaves using column extraction kits, amplified with 16S ITS1F/ITS2 primers, PCR product diluted to 7.013 ng/µl for sequencing.	fastq	lane1-s053-index-TCTCCGAT-TTGCTTGGNNNN-Fr133_S53_L001_R1_001.fastq.gz	lane1-s053-index-TCTCCGAT-TTGCTTGGNNNN-Fr133_S53_L001_R2_001.fastq.gz
Fr134		s054-index-TCTCCGAT-CCTGTCAANNNN	ITS metabarcoding of Festuca roemeri fungal endophytes from USA: Washington, Rainier, Upper Weir	AMPLICON	METAGENOMIC	PCR	paired	Illumina	Illumina MiSeq	DNA extracted from plant leaves using column extraction kits, amplified with 16S ITS1F/ITS2 primers, PCR product diluted to 7.013 ng/µl for sequencing.	fastq	lane1-s054-index-TCTCCGAT-CCTGTCAANNNN-Fr134_S54_L001_R1_001.fastq.gz	lane1-s054-index-TCTCCGAT-CCTGTCAANNNN-Fr134_S54_L001_R2_001.fastq.gz
Fr135		s055-index-TCTCCGAT-AGCCTATCNNNN	ITS metabarcoding of Festuca roemeri fungal endophytes from USA: Washington, Rainier, Upper Weir	AMPLICON	METAGENOMIC	PCR	paired	Illumina	Illumina MiSeq	DNA extracted from plant leaves using column extraction kits, amplified with 16S ITS1F/ITS2 primers, PCR product diluted to 7.013 ng/µl for sequencing.	fastq	lane1-s055-index-TCTCCGAT-AGCCTATCNNNN-Fr135_S55_L001_R1_001.fastq.gz	lane1-s055-index-TCTCCGAT-AGCCTATCNNNN-Fr135_S55_L001_R2_001.fastq.gz
Fr136		s056-index-TCTCCGAT-TGATCACGNNNN	ITS metabarcoding of Festuca roemeri fungal endophytes from USA: Washington, Rainier, Upper Weir	AMPLICON	METAGENOMIC	PCR	paired	Illumina	Illumina MiSeq	DNA extracted from plant leaves using column extraction kits, amplified with 16S ITS1F/ITS2 primers, PCR product diluted to 7.013 ng/µl for sequencing.	fastq	lane1-s056-index-TCTCCGAT-TGATCACGNNNN-Fr136_S56_L001_R1_001.fastq.gz	lane1-s056-index-TCTCCGAT-TGATCACGNNNN-Fr136_S56_L001_R2_001.fastq.gz
Fr137		s057-index-TCTCCGAT-CCACATTGNNNN	ITS metabarcoding of Festuca roemeri fungal endophytes from USA: Washington, Rainier, Upper Weir	AMPLICON	METAGENOMIC	PCR	paired	Illumina	Illumina MiSeq	DNA extracted from plant leaves using column extraction kits, amplified with 16S ITS1F/ITS2 primers, PCR product diluted to 7.013 ng/µl for sequencing.	fastq	lane1-s057-index-TCTCCGAT-CCACATTGNNNN-Fr137_S57_L001_R1_001.fastq.gz	lane1-s057-index-TCTCCGAT-CCACATTGNNNN-Fr137_S57_L001_R2_001.fastq.gz
Fr138		s058-index-TCTCCGAT-TCGAGAGTNNNN	ITS metabarcoding of Festuca roemeri fungal endophytes from USA: Washington, Rainier, Upper Weir	AMPLICON	METAGENOMIC	PCR	paired	Illumina	Illumina MiSeq	DNA extracted from plant leaves using column extraction kits, amplified with 16S ITS1F/ITS2 primers, PCR product diluted to 7.013 ng/µl for sequencing.	fastq	lane1-s058-index-TCTCCGAT-TCGAGAGTNNNN-Fr138_S58_L001_R1_001.fastq.gz	lane1-s058-index-TCTCCGAT-TCGAGAGTNNNN-Fr138_S58_L001_R2_001.fastq.gz
Fr139		s059-index-TCTCCGAT-GGTCGTATNNNN	ITS metabarcoding of Festuca roemeri fungal endophytes from USA: Washington, Rainier, Upper Weir	AMPLICON	METAGENOMIC	PCR	paired	Illumina	Illumina MiSeq	DNA extracted from plant leaves using column extraction kits, amplified with 16S ITS1F/ITS2 primers, PCR product diluted to 7.013 ng/µl for sequencing.	fastq	lane1-s059-index-TCTCCGAT-GGTCGTATNNNN-Fr139_S59_L001_R1_001.fastq.gz	lane1-s059-index-TCTCCGAT-GGTCGTATNNNN-Fr139_S59_L001_R2_001.fastq.gz
Fr140		s060-index-TCTCCGAT-ACAGGCATNNNN	ITS metabarcoding of Festuca roemeri fungal endophytes from USA: Washington, Rainier, Upper Weir	AMPLICON	METAGENOMIC	PCR	paired	Illumina	Illumina MiSeq	DNA extracted from plant leaves using column extraction kits, amplified with 16S ITS1F/ITS2 primers, PCR product diluted to 7.013 ng/µl for sequencing.	fastq	lane1-s060-index-TCTCCGAT-ACAGGCATNNNN-Fr140_S60_L001_R1_001.fastq.gz	lane1-s060-index-TCTCCGAT-ACAGGCATNNNN-Fr140_S60_L001_R2_001.fastq.gz
Fr141		s061-index-TCTCCGAT-GTGATCCANNNN	ITS metabarcoding of Festuca roemeri fungal endophytes from USA: Washington, Rainier, Upper Weir	AMPLICON	METAGENOMIC	PCR	paired	Illumina	Illumina MiSeq	DNA extracted from plant leaves using column extraction kits, amplified with 16S ITS1F/ITS2 primers, PCR product diluted to 7.013 ng/µl for sequencing.	fastq	lane1-s061-index-TCTCCGAT-GTGATCCANNNN-Fr141_S61_L001_R1_001.fastq.gz	lane1-s061-index-TCTCCGAT-GTGATCCANNNN-Fr141_S61_L001_R2_001.fastq.gz
Fr142		s062-index-TCTCCGAT-TTCGTACGNNNN	ITS metabarcoding of Festuca roemeri fungal endophytes from USA: Washington, Rainier, Upper Weir	AMPLICON	METAGENOMIC	PCR	paired	Illumina	Illumina MiSeq	DNA extracted from plant leaves using column extraction kits, amplified with 16S ITS1F/ITS2 primers, PCR product diluted to 7.013 ng/µl for sequencing.	fastq	lane1-s062-index-TCTCCGAT-TTCGTACGNNNN-Fr142_S62_L001_R1_001.fastq.gz	lane1-s062-index-TCTCCGAT-TTCGTACGNNNN-Fr142_S62_L001_R2_001.fastq.gz
Fr143		s063-index-TCTCCGAT-ATGACAGGNNNN	ITS metabarcoding of Festuca roemeri fungal endophytes from USA: Washington, Rainier, Upper Weir	AMPLICON	METAGENOMIC	PCR	paired	Illumina	Illumina MiSeq	DNA extracted from plant leaves using column extraction kits, amplified with 16S ITS1F/ITS2 primers, PCR product diluted to 7.013 ng/µl for sequencing.	fastq	lane1-s063-index-TCTCCGAT-ATGACAGGNNNN-Fr143_S63_L001_R1_001.fastq.gz	lane1-s063-index-TCTCCGAT-ATGACAGGNNNN-Fr143_S63_L001_R2_001.fastq.gz
Fr144		s064-index-TCTCCGAT-CGACCTAANNNN	ITS metabarcoding of Festuca roemeri fungal endophytes from USA: Washington, Rainier, Upper Weir	AMPLICON	METAGENOMIC	PCR	paired	Illumina	Illumina MiSeq	DNA extracted from plant leaves using column extraction kits, amplified with 16S ITS1F/ITS2 primers, PCR product diluted to 7.013 ng/µl for sequencing.	fastq	lane1-s064-index-TCTCCGAT-CGACCTAANNNN-Fr144_S64_L001_R1_001.fastq.gz	lane1-s064-index-TCTCCGAT-CGACCTAANNNN-Fr144_S64_L001_R2_001.fastq.gz
Fr157		s065-index-GAGGACTT-TTGCTTGGNNNN	ITS metabarcoding of Festuca roemeri fungal endophytes from USA: Washington, Coupeville, Whidbey Island	AMPLICON	METAGENOMIC	PCR	paired	Illumina	Illumina MiSeq	DNA extracted from plant leaves using column extraction kits, amplified with 16S ITS1F/ITS2 primers, PCR product diluted to 7.013 ng/µl for sequencing.	fastq	lane1-s065-index-GAGGACTT-TTGCTTGGNNNN-Fr157_S65_L001_R1_001.fastq.gz	lane1-s065-index-GAGGACTT-TTGCTTGGNNNN-Fr157_S65_L001_R2_001.fastq.gz
Fr158		s066-index-GAGGACTT-CCTGTCAANNNN	ITS metabarcoding of Festuca roemeri fungal endophytes from USA: Washington, Coupeville, Whidbey Island	AMPLICON	METAGENOMIC	PCR	paired	Illumina	Illumina MiSeq	DNA extracted from plant leaves using column extraction kits, amplified with 16S ITS1F/ITS2 primers, PCR product diluted to 7.013 ng/µl for sequencing.	fastq	lane1-s066-index-GAGGACTT-CCTGTCAANNNN-Fr158_S66_L001_R1_001.fastq.gz	lane1-s066-index-GAGGACTT-CCTGTCAANNNN-Fr158_S66_L001_R2_001.fastq.gz
Fr159		s067-index-GAGGACTT-AGCCTATCNNNN	ITS metabarcoding of Festuca roemeri fungal endophytes from USA: Washington, Coupeville, Whidbey Island	AMPLICON	METAGENOMIC	PCR	paired	Illumina	Illumina MiSeq	DNA extracted from plant leaves using column extraction kits, amplified with 16S ITS1F/ITS2 primers, PCR product diluted to 7.013 ng/µl for sequencing.	fastq	lane1-s067-index-GAGGACTT-AGCCTATCNNNN-Fr159_S67_L001_R1_001.fastq.gz	lane1-s067-index-GAGGACTT-AGCCTATCNNNN-Fr159_S67_L001_R2_001.fastq.gz
Fr160		s068-index-GAGGACTT-TGATCACGNNNN	ITS metabarcoding of Festuca roemeri fungal endophytes from USA: Washington, Coupeville, Whidbey Island	AMPLICON	METAGENOMIC	PCR	paired	Illumina	Illumina MiSeq	DNA extracted from plant leaves using column extraction kits, amplified with 16S ITS1F/ITS2 primers, PCR product diluted to 7.013 ng/µl for sequencing.	fastq	lane1-s068-index-GAGGACTT-TGATCACGNNNN-Fr160_S68_L001_R1_001.fastq.gz	lane1-s068-index-GAGGACTT-TGATCACGNNNN-Fr160_S68_L001_R2_001.fastq.gz
Fr161		s069-index-GAGGACTT-CCACATTGNNNN	ITS metabarcoding of Festuca roemeri fungal endophytes from USA: Washington, Coupeville, Whidbey Island	AMPLICON	METAGENOMIC	PCR	paired	Illumina	Illumina MiSeq	DNA extracted from plant leaves using column extraction kits, amplified with 16S ITS1F/ITS2 primers, PCR product diluted to 7.013 ng/µl for sequencing.	fastq	lane1-s069-index-GAGGACTT-CCACATTGNNNN-Fr161_S69_L001_R1_001.fastq.gz	lane1-s069-index-GAGGACTT-CCACATTGNNNN-Fr161_S69_L001_R2_001.fastq.gz
Fr162		s070-index-GAGGACTT-TCGAGAGTNNNN	ITS metabarcoding of Festuca roemeri fungal endophytes from USA: Washington, Coupeville, Whidbey Island	AMPLICON	METAGENOMIC	PCR	paired	Illumina	Illumina MiSeq	DNA extracted from plant leaves using column extraction kits, amplified with 16S ITS1F/ITS2 primers, PCR product diluted to 7.013 ng/µl for sequencing.	fastq	lane1-s070-index-GAGGACTT-TCGAGAGTNNNN-Fr162_S70_L001_R1_001.fastq.gz	lane1-s070-index-GAGGACTT-TCGAGAGTNNNN-Fr162_S70_L001_R2_001.fastq.gz
Fr163		s071-index-GAGGACTT-GGTCGTATNNNN	ITS metabarcoding of Festuca roemeri fungal endophytes from USA: Washington, Coupeville, Whidbey Island	AMPLICON	METAGENOMIC	PCR	paired	Illumina	Illumina MiSeq	DNA extracted from plant leaves using column extraction kits, amplified with 16S ITS1F/ITS2 primers, PCR product diluted to 7.013 ng/µl for sequencing.	fastq	lane1-s071-index-GAGGACTT-GGTCGTATNNNN-Fr163_S71_L001_R1_001.fastq.gz	lane1-s071-index-GAGGACTT-GGTCGTATNNNN-Fr163_S71_L001_R2_001.fastq.gz
Fr164		s072-index-GAGGACTT-ACAGGCATNNNN	ITS metabarcoding of Festuca roemeri fungal endophytes from USA: Washington, Coupeville, Whidbey Island	AMPLICON	METAGENOMIC	PCR	paired	Illumina	Illumina MiSeq	DNA extracted from plant leaves using column extraction kits, amplified with 16S ITS1F/ITS2 primers, PCR product diluted to 7.013 ng/µl for sequencing.	fastq	lane1-s072-index-GAGGACTT-ACAGGCATNNNN-Fr164_S72_L001_R1_001.fastq.gz	lane1-s072-index-GAGGACTT-ACAGGCATNNNN-Fr164_S72_L001_R2_001.fastq.gz
Fr165		s073-index-GAGGACTT-GTGATCCANNNN	ITS metabarcoding of Festuca roemeri fungal endophytes from USA: Washington, Coupeville, Whidbey Island	AMPLICON	METAGENOMIC	PCR	paired	Illumina	Illumina MiSeq	DNA extracted from plant leaves using column extraction kits, amplified with 16S ITS1F/ITS2 primers, PCR product diluted to 7.013 ng/µl for sequencing.	fastq	lane1-s073-index-GAGGACTT-GTGATCCANNNN-Fr165_S73_L001_R1_001.fastq.gz	lane1-s073-index-GAGGACTT-GTGATCCANNNN-Fr165_S73_L001_R2_001.fastq.gz
Fr166		s074-index-GAGGACTT-TTCGTACGNNNN	ITS metabarcoding of Festuca roemeri fungal endophytes from USA: Washington, Coupeville, Whidbey Island	AMPLICON	METAGENOMIC	PCR	paired	Illumina	Illumina MiSeq	DNA extracted from plant leaves using column extraction kits, amplified with 16S ITS1F/ITS2 primers, PCR product diluted to 7.013 ng/µl for sequencing.	fastq	lane1-s074-index-GAGGACTT-TTCGTACGNNNN-Fr166_S74_L001_R1_001.fastq.gz	lane1-s074-index-GAGGACTT-TTCGTACGNNNN-Fr166_S74_L001_R2_001.fastq.gz
Fr167		s075-index-GAGGACTT-ATGACAGGNNNN	ITS metabarcoding of Festuca roemeri fungal endophytes from USA: Washington, Coupeville, Whidbey Island	AMPLICON	METAGENOMIC	PCR	paired	Illumina	Illumina MiSeq	DNA extracted from plant leaves using column extraction kits, amplified with 16S ITS1F/ITS2 primers, PCR product diluted to 7.013 ng/µl for sequencing.	fastq	lane1-s075-index-GAGGACTT-ATGACAGGNNNN-Fr167_S75_L001_R1_001.fastq.gz	lane1-s075-index-GAGGACTT-ATGACAGGNNNN-Fr167_S75_L001_R2_001.fastq.gz
Fr168		s076-index-GAGGACTT-CGACCTAANNNN	ITS metabarcoding of Festuca roemeri fungal endophytes from USA: Washington, Coupeville, Whidbey Island	AMPLICON	METAGENOMIC	PCR	paired	Illumina	Illumina MiSeq	DNA extracted from plant leaves using column extraction kits, amplified with 16S ITS1F/ITS2 primers, PCR product diluted to 7.013 ng/µl for sequencing.	fastq	lane1-s076-index-GAGGACTT-CGACCTAANNNN-Fr168_S76_L001_R1_001.fastq.gz	lane1-s076-index-GAGGACTT-CGACCTAANNNN-Fr168_S76_L001_R2_001.fastq.gz
Neg		s255-index-TGCGAACT-CCTAAGTCNNNN	ITS metabarcoding of lab negative control	AMPLICON	METAGENOMIC	PCR	paired	Illumina	Illumina MiSeq	DNA extracted from individual fungal cultures or pure water controls  using column extraction kits, DNA extracts combined in equimolar amounts and amplified with 16S ITS1F/ITS2 primers, PCR product diluted to 7.013 ng/µl for sequencing.	fastq	lane1-s255-index-TGCGAACT-CCTAAGTCNNNN-Neg_S255_L001_R1_001.fastq.gz	lane1-s255-index-TGCGAACT-CCTAAGTCNNNN-Neg_S255_L001_R2_001.fastq.gz
PosG		s256-index-TCTCCGAT-CCTAAGTCNNNN	ITS metabarcoding of mock community control, genomic DNA	AMPLICON	METAGENOMIC	PCR	paired	Illumina	Illumina MiSeq	DNA extracted from individual fungal cultures or pure water controls  using column extraction kits, DNA extracts combined in equimolar amounts and amplified with 16S ITS1F/ITS2 primers, PCR product diluted to 7.013 ng/µl for sequencing.	fastq	lane1-s256-index-TCTCCGAT-CCTAAGTCNNNN-PosG_S256_L001_R1_001.fastq.gz	lane1-s256-index-TCTCCGAT-CCTAAGTCNNNN-PosG_S256_L001_R2_001.fastq.gz
PosI		s257-index-GAGGACTT-CCTAAGTCNNNN	ITS metabarcoding of mock community control, ITS amplicons	AMPLICON	METAGENOMIC	PCR	paired	Illumina	Illumina MiSeq	DNA extracted from individual fungal cultures or pure water controls  using column extraction kits, DNA extracts combined in equimolar amounts and amplified with 16S ITS1F/ITS2 primers, PCR product diluted to 7.013 ng/µl for sequencing.	fastq	lane1-s257-index-GAGGACTT-CCTAAGTCNNNN-PosI_S257_L001_R1_001.fastq.gz	lane1-s257-index-GAGGACTT-CCTAAGTCNNNN-PosI_S257_L001_R2_001.fastq.gz
