sample_name	sample_title	organism	host	isolation_source	collection_date	geo_loc_name	lat_lon	env_broad_scale	env_local_scale	env_medium	UID
S89	Dc1	leaf metagenome	Danthonia californica	French_flat	2015-05-30	USA: Oregon, Cave Junction, French Flat	42.1 N 123.63 W	temperate grassland biome [ENVO_01000193]	environment associated with a plant part or small plant [ENVO 01001057]	plant matter [ENVO:01001121]	French_flatS89
S90	Dc2	leaf metagenome	Danthonia californica	French_flat	2015-05-30	USA: Oregon, Cave Junction, French Flat	42.1 N 123.63 W	temperate grassland biome [ENVO_01000193]	environment associated with a plant part or small plant [ENVO 01001057]	plant matter [ENVO:01001121]	French_flatS90
S91	Dc3	leaf metagenome	Danthonia californica	French_flat	2015-05-30	USA: Oregon, Cave Junction, French Flat	42.1 N 123.63 W	temperate grassland biome [ENVO_01000193]	environment associated with a plant part or small plant [ENVO 01001057]	plant matter [ENVO:01001121]	French_flatS91
S92	Dc4	leaf metagenome	Danthonia californica	French_flat	2015-05-30	USA: Oregon, Cave Junction, French Flat	42.1 N 123.63 W	temperate grassland biome [ENVO_01000193]	environment associated with a plant part or small plant [ENVO 01001057]	plant matter [ENVO:01001121]	French_flatS92
S93	Dc5	leaf metagenome	Danthonia californica	French_flat	2015-05-30	USA: Oregon, Cave Junction, French Flat	42.1 N 123.63 W	temperate grassland biome [ENVO_01000193]	environment associated with a plant part or small plant [ENVO 01001057]	plant matter [ENVO:01001121]	French_flatS93
S94	Dc6	leaf metagenome	Danthonia californica	French_flat	2015-05-30	USA: Oregon, Cave Junction, French Flat	42.1 N 123.63 W	temperate grassland biome [ENVO_01000193]	environment associated with a plant part or small plant [ENVO 01001057]	plant matter [ENVO:01001121]	French_flatS94
S95	Dc7	leaf metagenome	Danthonia californica	French_flat	2015-05-30	USA: Oregon, Cave Junction, French Flat	42.1 N 123.63 W	temperate grassland biome [ENVO_01000193]	environment associated with a plant part or small plant [ENVO 01001057]	plant matter [ENVO:01001121]	French_flatS95
S96	Dc8	leaf metagenome	Danthonia californica	French_flat	2015-05-30	USA: Oregon, Cave Junction, French Flat	42.1 N 123.63 W	temperate grassland biome [ENVO_01000193]	environment associated with a plant part or small plant [ENVO 01001057]	plant matter [ENVO:01001121]	French_flatS96
S97	Dc9	leaf metagenome	Danthonia californica	French_flat	2015-05-30	USA: Oregon, Cave Junction, French Flat	42.1 N 123.63 W	temperate grassland biome [ENVO_01000193]	environment associated with a plant part or small plant [ENVO 01001057]	plant matter [ENVO:01001121]	French_flatS97
S98	Dc10	leaf metagenome	Danthonia californica	French_flat	2015-05-30	USA: Oregon, Cave Junction, French Flat	42.1 N 123.63 W	temperate grassland biome [ENVO_01000193]	environment associated with a plant part or small plant [ENVO 01001057]	plant matter [ENVO:01001121]	French_flatS98
S99	Dc11	leaf metagenome	Danthonia californica	French_flat	2015-05-30	USA: Oregon, Cave Junction, French Flat	42.1 N 123.63 W	temperate grassland biome [ENVO_01000193]	environment associated with a plant part or small plant [ENVO 01001057]	plant matter [ENVO:01001121]	French_flatS99
S100	Dc12	leaf metagenome	Danthonia californica	French_flat	2015-05-30	USA: Oregon, Cave Junction, French Flat	42.1 N 123.63 W	temperate grassland biome [ENVO_01000193]	environment associated with a plant part or small plant [ENVO 01001057]	plant matter [ENVO:01001121]	French_flatS100
S101	Dc25	leaf metagenome	Danthonia californica	Whetstone	2015-05-31	USA: Oregon, Medford, Whetstone	42.42 N 122.91 W	temperate grassland biome [ENVO_01000193]	environment associated with a plant part or small plant [ENVO 01001057]	plant matter [ENVO:01001121]	WhetstoneS101
S102	Dc26	leaf metagenome	Danthonia californica	Whetstone	2015-05-31	USA: Oregon, Medford, Whetstone	42.42 N 122.91 W	temperate grassland biome [ENVO_01000193]	environment associated with a plant part or small plant [ENVO 01001057]	plant matter [ENVO:01001121]	WhetstoneS102
S103	Dc27	leaf metagenome	Danthonia californica	Whetstone	2015-05-31	USA: Oregon, Medford, Whetstone	42.42 N 122.91 W	temperate grassland biome [ENVO_01000193]	environment associated with a plant part or small plant [ENVO 01001057]	plant matter [ENVO:01001121]	WhetstoneS103
S104	Dc28	leaf metagenome	Danthonia californica	Whetstone	2015-05-31	USA: Oregon, Medford, Whetstone	42.42 N 122.91 W	temperate grassland biome [ENVO_01000193]	environment associated with a plant part or small plant [ENVO 01001057]	plant matter [ENVO:01001121]	WhetstoneS104
S105	Dc29	leaf metagenome	Danthonia californica	Whetstone	2015-05-31	USA: Oregon, Medford, Whetstone	42.42 N 122.91 W	temperate grassland biome [ENVO_01000193]	environment associated with a plant part or small plant [ENVO 01001057]	plant matter [ENVO:01001121]	WhetstoneS105
S106	Dc30	leaf metagenome	Danthonia californica	Whetstone	2015-05-31	USA: Oregon, Medford, Whetstone	42.42 N 122.91 W	temperate grassland biome [ENVO_01000193]	environment associated with a plant part or small plant [ENVO 01001057]	plant matter [ENVO:01001121]	WhetstoneS106
S107	Dc31	leaf metagenome	Danthonia californica	Whetstone	2015-05-31	USA: Oregon, Medford, Whetstone	42.42 N 122.91 W	temperate grassland biome [ENVO_01000193]	environment associated with a plant part or small plant [ENVO 01001057]	plant matter [ENVO:01001121]	WhetstoneS107
S108	Dc32	leaf metagenome	Danthonia californica	Whetstone	2015-05-31	USA: Oregon, Medford, Whetstone	42.42 N 122.91 W	temperate grassland biome [ENVO_01000193]	environment associated with a plant part or small plant [ENVO 01001057]	plant matter [ENVO:01001121]	WhetstoneS108
S109	Dc33	leaf metagenome	Danthonia californica	Whetstone	2015-05-31	USA: Oregon, Medford, Whetstone	42.42 N 122.91 W	temperate grassland biome [ENVO_01000193]	environment associated with a plant part or small plant [ENVO 01001057]	plant matter [ENVO:01001121]	WhetstoneS109
S110	Dc34	leaf metagenome	Danthonia californica	Whetstone	2015-05-31	USA: Oregon, Medford, Whetstone	42.42 N 122.91 W	temperate grassland biome [ENVO_01000193]	environment associated with a plant part or small plant [ENVO 01001057]	plant matter [ENVO:01001121]	WhetstoneS110
S111	Dc35	leaf metagenome	Danthonia californica	Whetstone	2015-05-31	USA: Oregon, Medford, Whetstone	42.42 N 122.91 W	temperate grassland biome [ENVO_01000193]	environment associated with a plant part or small plant [ENVO 01001057]	plant matter [ENVO:01001121]	WhetstoneS111
S112	Dc36	leaf metagenome	Danthonia californica	Whetstone	2015-05-31	USA: Oregon, Medford, Whetstone	42.42 N 122.91 W	temperate grassland biome [ENVO_01000193]	environment associated with a plant part or small plant [ENVO 01001057]	plant matter [ENVO:01001121]	WhetstoneS112
S113	Dc37	leaf metagenome	Danthonia californica	Lower_Table	2015-05-31	USA: Oregon, Medford, Lower Table Rock	42.47 N 122.95 W	temperate grassland biome [ENVO_01000193]	environment associated with a plant part or small plant [ENVO 01001057]	plant matter [ENVO:01001121]	Lower_TableS113
S114	Dc38	leaf metagenome	Danthonia californica	Lower_Table	2015-05-31	USA: Oregon, Medford, Lower Table Rock	42.47 N 122.95 W	temperate grassland biome [ENVO_01000193]	environment associated with a plant part or small plant [ENVO 01001057]	plant matter [ENVO:01001121]	Lower_TableS114
S115	Dc39	leaf metagenome	Danthonia californica	Lower_Table	2015-05-31	USA: Oregon, Medford, Lower Table Rock	42.47 N 122.95 W	temperate grassland biome [ENVO_01000193]	environment associated with a plant part or small plant [ENVO 01001057]	plant matter [ENVO:01001121]	Lower_TableS115
S116	Dc40	leaf metagenome	Danthonia californica	Lower_Table	2015-05-31	USA: Oregon, Medford, Lower Table Rock	42.47 N 122.95 W	temperate grassland biome [ENVO_01000193]	environment associated with a plant part or small plant [ENVO 01001057]	plant matter [ENVO:01001121]	Lower_TableS116
S117	Dc41	leaf metagenome	Danthonia californica	Lower_Table	2015-05-31	USA: Oregon, Medford, Lower Table Rock	42.47 N 122.95 W	temperate grassland biome [ENVO_01000193]	environment associated with a plant part or small plant [ENVO 01001057]	plant matter [ENVO:01001121]	Lower_TableS117
S118	Dc42	leaf metagenome	Danthonia californica	Lower_Table	2015-05-31	USA: Oregon, Medford, Lower Table Rock	42.47 N 122.95 W	temperate grassland biome [ENVO_01000193]	environment associated with a plant part or small plant [ENVO 01001057]	plant matter [ENVO:01001121]	Lower_TableS118
S119	Dc43	leaf metagenome	Danthonia californica	Lower_Table	2015-05-31	USA: Oregon, Medford, Lower Table Rock	42.47 N 122.95 W	temperate grassland biome [ENVO_01000193]	environment associated with a plant part or small plant [ENVO 01001057]	plant matter [ENVO:01001121]	Lower_TableS119
S120	Dc44	leaf metagenome	Danthonia californica	Lower_Table	2015-05-31	USA: Oregon, Medford, Lower Table Rock	42.47 N 122.95 W	temperate grassland biome [ENVO_01000193]	environment associated with a plant part or small plant [ENVO 01001057]	plant matter [ENVO:01001121]	Lower_TableS120
S121	Dc45	leaf metagenome	Danthonia californica	Lower_Table	2015-05-31	USA: Oregon, Medford, Lower Table Rock	42.47 N 122.95 W	temperate grassland biome [ENVO_01000193]	environment associated with a plant part or small plant [ENVO 01001057]	plant matter [ENVO:01001121]	Lower_TableS121
S122	Dc46	leaf metagenome	Danthonia californica	Lower_Table	2015-05-31	USA: Oregon, Medford, Lower Table Rock	42.47 N 122.95 W	temperate grassland biome [ENVO_01000193]	environment associated with a plant part or small plant [ENVO 01001057]	plant matter [ENVO:01001121]	Lower_TableS122
S123	Dc47	leaf metagenome	Danthonia californica	Lower_Table	2015-05-31	USA: Oregon, Medford, Lower Table Rock	42.47 N 122.95 W	temperate grassland biome [ENVO_01000193]	environment associated with a plant part or small plant [ENVO 01001057]	plant matter [ENVO:01001121]	Lower_TableS123
S124	Dc48	leaf metagenome	Danthonia californica	Lower_Table	2015-05-31	USA: Oregon, Medford, Lower Table Rock	42.47 N 122.95 W	temperate grassland biome [ENVO_01000193]	environment associated with a plant part or small plant [ENVO 01001057]	plant matter [ENVO:01001121]	Lower_TableS124
S125	Dc73	leaf metagenome	Danthonia californica	Hazel_Dell	2015-06-05	USA: Oregon, Eugene, Hazel Dell	44.02 N 123.22 W	temperate grassland biome [ENVO_01000193]	environment associated with a plant part or small plant [ENVO 01001057]	plant matter [ENVO:01001121]	Hazel_DellS125
S126	Dc74	leaf metagenome	Danthonia californica	Hazel_Dell	2015-06-05	USA: Oregon, Eugene, Hazel Dell	44.02 N 123.22 W	temperate grassland biome [ENVO_01000193]	environment associated with a plant part or small plant [ENVO 01001057]	plant matter [ENVO:01001121]	Hazel_DellS126
S127	Dc75	leaf metagenome	Danthonia californica	Hazel_Dell	2015-06-05	USA: Oregon, Eugene, Hazel Dell	44.02 N 123.22 W	temperate grassland biome [ENVO_01000193]	environment associated with a plant part or small plant [ENVO 01001057]	plant matter [ENVO:01001121]	Hazel_DellS127
S128	Dc76	leaf metagenome	Danthonia californica	Hazel_Dell	2015-06-05	USA: Oregon, Eugene, Hazel Dell	44.02 N 123.22 W	temperate grassland biome [ENVO_01000193]	environment associated with a plant part or small plant [ENVO 01001057]	plant matter [ENVO:01001121]	Hazel_DellS128
S129	Dc77	leaf metagenome	Danthonia californica	Hazel_Dell	2015-06-05	USA: Oregon, Eugene, Hazel Dell	44.02 N 123.22 W	temperate grassland biome [ENVO_01000193]	environment associated with a plant part or small plant [ENVO 01001057]	plant matter [ENVO:01001121]	Hazel_DellS129
S130	Dc78	leaf metagenome	Danthonia californica	Hazel_Dell	2015-06-05	USA: Oregon, Eugene, Hazel Dell	44.02 N 123.22 W	temperate grassland biome [ENVO_01000193]	environment associated with a plant part or small plant [ENVO 01001057]	plant matter [ENVO:01001121]	Hazel_DellS130
S131	Dc79	leaf metagenome	Danthonia californica	Hazel_Dell	2015-06-05	USA: Oregon, Eugene, Hazel Dell	44.02 N 123.22 W	temperate grassland biome [ENVO_01000193]	environment associated with a plant part or small plant [ENVO 01001057]	plant matter [ENVO:01001121]	Hazel_DellS131
S132	Dc80	leaf metagenome	Danthonia californica	Hazel_Dell	2015-06-05	USA: Oregon, Eugene, Hazel Dell	44.02 N 123.22 W	temperate grassland biome [ENVO_01000193]	environment associated with a plant part or small plant [ENVO 01001057]	plant matter [ENVO:01001121]	Hazel_DellS132
S144	Dc81	leaf metagenome	Danthonia californica	Horse_Rock	2015-06-15	USA: Oregon, Crawfordsville, Horse Rock Ridge	44.3 N 122.88 W	temperate grassland biome [ENVO_01000193]	environment associated with a plant part or small plant [ENVO 01001057]	plant matter [ENVO:01001121]	Horse_RockS144
S134	Dc82	leaf metagenome	Danthonia californica	Hazel_Dell	2015-06-05	USA: Oregon, Eugene, Hazel Dell	44.02 N 123.22 W	temperate grassland biome [ENVO_01000193]	environment associated with a plant part or small plant [ENVO 01001057]	plant matter [ENVO:01001121]	Hazel_DellS134
S135	Dc83	leaf metagenome	Danthonia californica	Hazel_Dell	2015-06-05	USA: Oregon, Eugene, Hazel Dell	44.02 N 123.22 W	temperate grassland biome [ENVO_01000193]	environment associated with a plant part or small plant [ENVO 01001057]	plant matter [ENVO:01001121]	Hazel_DellS135
S136	Dc84	leaf metagenome	Danthonia californica	Hazel_Dell	2015-06-05	USA: Oregon, Eugene, Hazel Dell	44.02 N 123.22 W	temperate grassland biome [ENVO_01000193]	environment associated with a plant part or small plant [ENVO 01001057]	plant matter [ENVO:01001121]	Hazel_DellS136
S137	Dc97	leaf metagenome	Danthonia californica	Horse_Rock	2015-06-15	USA: Oregon, Crawfordsville, Horse Rock Ridge	44.3 N 122.88 W	temperate grassland biome [ENVO_01000193]	environment associated with a plant part or small plant [ENVO 01001057]	plant matter [ENVO:01001121]	Horse_RockS137
S138	Dc98	leaf metagenome	Danthonia californica	Horse_Rock	2015-06-15	USA: Oregon, Crawfordsville, Horse Rock Ridge	44.3 N 122.88 W	temperate grassland biome [ENVO_01000193]	environment associated with a plant part or small plant [ENVO 01001057]	plant matter [ENVO:01001121]	Horse_RockS138
S139	Dc99	leaf metagenome	Danthonia californica	Horse_Rock	2015-06-15	USA: Oregon, Crawfordsville, Horse Rock Ridge	44.3 N 122.88 W	temperate grassland biome [ENVO_01000193]	environment associated with a plant part or small plant [ENVO 01001057]	plant matter [ENVO:01001121]	Horse_RockS139
S140	Dc100	leaf metagenome	Danthonia californica	Horse_Rock	2015-06-15	USA: Oregon, Crawfordsville, Horse Rock Ridge	44.3 N 122.88 W	temperate grassland biome [ENVO_01000193]	environment associated with a plant part or small plant [ENVO 01001057]	plant matter [ENVO:01001121]	Horse_RockS140
S141	Dc101	leaf metagenome	Danthonia californica	Horse_Rock	2015-06-15	USA: Oregon, Crawfordsville, Horse Rock Ridge	44.3 N 122.88 W	temperate grassland biome [ENVO_01000193]	environment associated with a plant part or small plant [ENVO 01001057]	plant matter [ENVO:01001121]	Horse_RockS141
S142	Dc102	leaf metagenome	Danthonia californica	Horse_Rock	2015-06-15	USA: Oregon, Crawfordsville, Horse Rock Ridge	44.3 N 122.88 W	temperate grassland biome [ENVO_01000193]	environment associated with a plant part or small plant [ENVO 01001057]	plant matter [ENVO:01001121]	Horse_RockS142
S143	Dc104	leaf metagenome	Danthonia californica	Horse_Rock	2015-06-15	USA: Oregon, Crawfordsville, Horse Rock Ridge	44.3 N 122.88 W	temperate grassland biome [ENVO_01000193]	environment associated with a plant part or small plant [ENVO 01001057]	plant matter [ENVO:01001121]	Horse_RockS143
S133	Dc105	leaf metagenome	Danthonia californica	Hazel_Dell	2015-06-05	USA: Oregon, Eugene, Hazel Dell	44.02 N 123.22 W	temperate grassland biome [ENVO_01000193]	environment associated with a plant part or small plant [ENVO 01001057]	plant matter [ENVO:01001121]	Hazel_DellS133
S145	Dc106	leaf metagenome	Danthonia californica	Horse_Rock	2015-06-15	USA: Oregon, Crawfordsville, Horse Rock Ridge	44.3 N 122.88 W	temperate grassland biome [ENVO_01000193]	environment associated with a plant part or small plant [ENVO 01001057]	plant matter [ENVO:01001121]	Horse_RockS145
S146	Dc107	leaf metagenome	Danthonia californica	Horse_Rock	2015-06-15	USA: Oregon, Crawfordsville, Horse Rock Ridge	44.3 N 122.88 W	temperate grassland biome [ENVO_01000193]	environment associated with a plant part or small plant [ENVO 01001057]	plant matter [ENVO:01001121]	Horse_RockS146
S147	Dc108	leaf metagenome	Danthonia californica	Horse_Rock	2015-06-15	USA: Oregon, Crawfordsville, Horse Rock Ridge	44.3 N 122.88 W	temperate grassland biome [ENVO_01000193]	environment associated with a plant part or small plant [ENVO 01001057]	plant matter [ENVO:01001121]	Horse_RockS147
S148	Dc145	leaf metagenome	Danthonia californica	Whidbey	2015-06-21	USA: Washington, Coupeville, Whidbey Island	48.21 N 122.62 W	temperate grassland biome [ENVO_01000193]	environment associated with a plant part or small plant [ENVO 01001057]	plant matter [ENVO:01001121]	WhidbeyS148
S149	Dc146	leaf metagenome	Danthonia californica	Whidbey	2015-06-21	USA: Washington, Coupeville, Whidbey Island	48.21 N 122.62 W	temperate grassland biome [ENVO_01000193]	environment associated with a plant part or small plant [ENVO 01001057]	plant matter [ENVO:01001121]	WhidbeyS149
S150	Dc147	leaf metagenome	Danthonia californica	Whidbey	2015-06-21	USA: Washington, Coupeville, Whidbey Island	48.21 N 122.62 W	temperate grassland biome [ENVO_01000193]	environment associated with a plant part or small plant [ENVO 01001057]	plant matter [ENVO:01001121]	WhidbeyS150
S151	Dc148	leaf metagenome	Danthonia californica	Whidbey	2015-06-21	USA: Washington, Coupeville, Whidbey Island	48.21 N 122.62 W	temperate grassland biome [ENVO_01000193]	environment associated with a plant part or small plant [ENVO 01001057]	plant matter [ENVO:01001121]	WhidbeyS151
S152	Dc149	leaf metagenome	Danthonia californica	Whidbey	2015-06-21	USA: Washington, Coupeville, Whidbey Island	48.21 N 122.62 W	temperate grassland biome [ENVO_01000193]	environment associated with a plant part or small plant [ENVO 01001057]	plant matter [ENVO:01001121]	WhidbeyS152
S153	Dc150	leaf metagenome	Danthonia californica	Whidbey	2015-06-21	USA: Washington, Coupeville, Whidbey Island	48.21 N 122.62 W	temperate grassland biome [ENVO_01000193]	environment associated with a plant part or small plant [ENVO 01001057]	plant matter [ENVO:01001121]	WhidbeyS153
S154	Dc151	leaf metagenome	Danthonia californica	Whidbey	2015-06-21	USA: Washington, Coupeville, Whidbey Island	48.21 N 122.62 W	temperate grassland biome [ENVO_01000193]	environment associated with a plant part or small plant [ENVO 01001057]	plant matter [ENVO:01001121]	WhidbeyS154
S155	Dc152	leaf metagenome	Danthonia californica	Whidbey	2015-06-21	USA: Washington, Coupeville, Whidbey Island	48.21 N 122.62 W	temperate grassland biome [ENVO_01000193]	environment associated with a plant part or small plant [ENVO 01001057]	plant matter [ENVO:01001121]	WhidbeyS155
S156	Dc153	leaf metagenome	Danthonia californica	Whidbey	2015-06-21	USA: Washington, Coupeville, Whidbey Island	48.21 N 122.62 W	temperate grassland biome [ENVO_01000193]	environment associated with a plant part or small plant [ENVO 01001057]	plant matter [ENVO:01001121]	WhidbeyS156
S157	Dc154	leaf metagenome	Danthonia californica	Whidbey	2015-06-21	USA: Washington, Coupeville, Whidbey Island	48.21 N 122.62 W	temperate grassland biome [ENVO_01000193]	environment associated with a plant part or small plant [ENVO 01001057]	plant matter [ENVO:01001121]	WhidbeyS157
S158	Dc155	leaf metagenome	Danthonia californica	Whidbey	2015-06-21	USA: Washington, Coupeville, Whidbey Island	48.21 N 122.62 W	temperate grassland biome [ENVO_01000193]	environment associated with a plant part or small plant [ENVO 01001057]	plant matter [ENVO:01001121]	WhidbeyS158
S159	Dc156	leaf metagenome	Danthonia californica	Whidbey	2015-06-21	USA: Washington, Coupeville, Whidbey Island	48.21 N 122.62 W	temperate grassland biome [ENVO_01000193]	environment associated with a plant part or small plant [ENVO 01001057]	plant matter [ENVO:01001121]	WhidbeyS159
S163	DcNeg	synthetic metagenome	not applicable	Control	missing: control sample	USA: University of Oregon	44.05 N 123.07 W	laboratory environment [ENVO 01001405]	liquid water [ENVO_00002006]	sterile water [ENVO_00005791]	ControlS163
S161	DcPosG	synthetic metagenome	not applicable	Control	missing: control sample	USA: University of Oregon	44.05 N 123.07 W	laboratory environment [ENVO 01001405]	culturing environment [ENVO 01000312]	mock community culture [ENVO 01001059]	ControlS161
S162	DcPosI	synthetic metagenome	not applicable	Control	missing: control sample	USA: University of Oregon	44.05 N 123.07 W	laboratory environment [ENVO 01001405]	culturing environment [ENVO 01000312]	mock community culture [ENVO 01001059]	ControlS162
S160	DcX	synthetic metagenome	not applicable	Control	missing: control sample	USA: University of Oregon	44.05 N 123.07 W	laboratory environment [ENVO 01001405]	culturing environment [ENVO 01000312]	single strain cell culture [ENVO_01001060]	ControlS160
S5	Fr13	leaf metagenome	Festuca roemeri	French_flat	2015-05-30	USA: Oregon, Cave Junction, French Flat	42.1 N 123.63 W	temperate grassland biome [ENVO_01000193]	environment associated with a plant part or small plant [ENVO 01001057]	plant matter [ENVO:01001121]	French_flatS5
S6	Fr14	leaf metagenome	Festuca roemeri	French_flat	2015-05-30	USA: Oregon, Cave Junction, French Flat	42.1 N 123.63 W	temperate grassland biome [ENVO_01000193]	environment associated with a plant part or small plant [ENVO 01001057]	plant matter [ENVO:01001121]	French_flatS6
S7	Fr15	leaf metagenome	Festuca roemeri	French_flat	2015-05-30	USA: Oregon, Cave Junction, French Flat	42.1 N 123.63 W	temperate grassland biome [ENVO_01000193]	environment associated with a plant part or small plant [ENVO 01001057]	plant matter [ENVO:01001121]	French_flatS7
S8	Fr16	leaf metagenome	Festuca roemeri	French_flat	2015-05-30	USA: Oregon, Cave Junction, French Flat	42.1 N 123.63 W	temperate grassland biome [ENVO_01000193]	environment associated with a plant part or small plant [ENVO 01001057]	plant matter [ENVO:01001121]	French_flatS8
S9	Fr17	leaf metagenome	Festuca roemeri	French_flat	2015-05-30	USA: Oregon, Cave Junction, French Flat	42.1 N 123.63 W	temperate grassland biome [ENVO_01000193]	environment associated with a plant part or small plant [ENVO 01001057]	plant matter [ENVO:01001121]	French_flatS9
S10	Fr18	leaf metagenome	Festuca roemeri	French_flat	2015-05-30	USA: Oregon, Cave Junction, French Flat	42.1 N 123.63 W	temperate grassland biome [ENVO_01000193]	environment associated with a plant part or small plant [ENVO 01001057]	plant matter [ENVO:01001121]	French_flatS10
S11	Fr19	leaf metagenome	Festuca roemeri	French_flat	2015-05-30	USA: Oregon, Cave Junction, French Flat	42.1 N 123.63 W	temperate grassland biome [ENVO_01000193]	environment associated with a plant part or small plant [ENVO 01001057]	plant matter [ENVO:01001121]	French_flatS11
S12	Fr20	leaf metagenome	Festuca roemeri	French_flat	2015-05-30	USA: Oregon, Cave Junction, French Flat	42.1 N 123.63 W	temperate grassland biome [ENVO_01000193]	environment associated with a plant part or small plant [ENVO 01001057]	plant matter [ENVO:01001121]	French_flatS12
S13	Fr21	leaf metagenome	Festuca roemeri	French_flat	2015-05-30	USA: Oregon, Cave Junction, French Flat	42.1 N 123.63 W	temperate grassland biome [ENVO_01000193]	environment associated with a plant part or small plant [ENVO 01001057]	plant matter [ENVO:01001121]	French_flatS13
S14	Fr22	leaf metagenome	Festuca roemeri	French_flat	2015-05-30	USA: Oregon, Cave Junction, French Flat	42.1 N 123.63 W	temperate grassland biome [ENVO_01000193]	environment associated with a plant part or small plant [ENVO 01001057]	plant matter [ENVO:01001121]	French_flatS14
S15	Fr23	leaf metagenome	Festuca roemeri	French_flat	2015-05-30	USA: Oregon, Cave Junction, French Flat	42.1 N 123.63 W	temperate grassland biome [ENVO_01000193]	environment associated with a plant part or small plant [ENVO 01001057]	plant matter [ENVO:01001121]	French_flatS15
S16	Fr24	leaf metagenome	Festuca roemeri	French_flat	2015-05-30	USA: Oregon, Cave Junction, French Flat	42.1 N 123.63 W	temperate grassland biome [ENVO_01000193]	environment associated with a plant part or small plant [ENVO 01001057]	plant matter [ENVO:01001121]	French_flatS16
S17	Fr49	leaf metagenome	Festuca roemeri	Upper_Table	2015-06-01	USA: Medford, Upper Table Rock	42.47 N 122.88 W	temperate grassland biome [ENVO_01000193]	environment associated with a plant part or small plant [ENVO 01001057]	plant matter [ENVO:01001121]	Upper_TableS17
S18	Fr50	leaf metagenome	Festuca roemeri	Upper_Table	2015-06-01	USA: Medford, Upper Table Rock	42.47 N 122.88 W	temperate grassland biome [ENVO_01000193]	environment associated with a plant part or small plant [ENVO 01001057]	plant matter [ENVO:01001121]	Upper_TableS18
S19	Fr51	leaf metagenome	Festuca roemeri	Upper_Table	2015-06-01	USA: Medford, Upper Table Rock	42.47 N 122.88 W	temperate grassland biome [ENVO_01000193]	environment associated with a plant part or small plant [ENVO 01001057]	plant matter [ENVO:01001121]	Upper_TableS19
S20	Fr52	leaf metagenome	Festuca roemeri	Upper_Table	2015-06-01	USA: Medford, Upper Table Rock	42.47 N 122.88 W	temperate grassland biome [ENVO_01000193]	environment associated with a plant part or small plant [ENVO 01001057]	plant matter [ENVO:01001121]	Upper_TableS20
S21	Fr53	leaf metagenome	Festuca roemeri	Upper_Table	2015-06-01	USA: Medford, Upper Table Rock	42.47 N 122.88 W	temperate grassland biome [ENVO_01000193]	environment associated with a plant part or small plant [ENVO 01001057]	plant matter [ENVO:01001121]	Upper_TableS21
S22	Fr54	leaf metagenome	Festuca roemeri	Upper_Table	2015-06-01	USA: Medford, Upper Table Rock	42.47 N 122.88 W	temperate grassland biome [ENVO_01000193]	environment associated with a plant part or small plant [ENVO 01001057]	plant matter [ENVO:01001121]	Upper_TableS22
S23	Fr55	leaf metagenome	Festuca roemeri	Upper_Table	2015-06-01	USA: Medford, Upper Table Rock	42.47 N 122.88 W	temperate grassland biome [ENVO_01000193]	environment associated with a plant part or small plant [ENVO 01001057]	plant matter [ENVO:01001121]	Upper_TableS23
S24	Fr56	leaf metagenome	Festuca roemeri	Upper_Table	2015-06-01	USA: Medford, Upper Table Rock	42.47 N 122.88 W	temperate grassland biome [ENVO_01000193]	environment associated with a plant part or small plant [ENVO 01001057]	plant matter [ENVO:01001121]	Upper_TableS24
S25	Fr57	leaf metagenome	Festuca roemeri	Upper_Table	2015-06-01	USA: Medford, Upper Table Rock	42.47 N 122.88 W	temperate grassland biome [ENVO_01000193]	environment associated with a plant part or small plant [ENVO 01001057]	plant matter [ENVO:01001121]	Upper_TableS25
S26	Fr58	leaf metagenome	Festuca roemeri	Upper_Table	2015-06-01	USA: Medford, Upper Table Rock	42.47 N 122.88 W	temperate grassland biome [ENVO_01000193]	environment associated with a plant part or small plant [ENVO 01001057]	plant matter [ENVO:01001121]	Upper_TableS26
S27	Fr59	leaf metagenome	Festuca roemeri	Upper_Table	2015-06-01	USA: Medford, Upper Table Rock	42.47 N 122.88 W	temperate grassland biome [ENVO_01000193]	environment associated with a plant part or small plant [ENVO 01001057]	plant matter [ENVO:01001121]	Upper_TableS27
S28	Fr60	leaf metagenome	Festuca roemeri	Upper_Table	2015-06-01	USA: Medford, Upper Table Rock	42.47 N 122.88 W	temperate grassland biome [ENVO_01000193]	environment associated with a plant part or small plant [ENVO 01001057]	plant matter [ENVO:01001121]	Upper_TableS28
S77	Fr61	leaf metagenome	Festuca roemeri	Roxy_Ann	2015-06-01	USA: Oregon, Medford, Roxy Ann Peak	42.35 N 122.79 W	temperate grassland biome [ENVO_01000193]	environment associated with a plant part or small plant [ENVO 01001057]	plant matter [ENVO:01001121]	Roxy_AnnS77
S78	Fr62	leaf metagenome	Festuca roemeri	Roxy_Ann	2015-06-01	USA: Oregon, Medford, Roxy Ann Peak	42.35 N 122.79 W	temperate grassland biome [ENVO_01000193]	environment associated with a plant part or small plant [ENVO 01001057]	plant matter [ENVO:01001121]	Roxy_AnnS78
S79	Fr63	leaf metagenome	Festuca roemeri	Roxy_Ann	2015-06-01	USA: Oregon, Medford, Roxy Ann Peak	42.35 N 122.79 W	temperate grassland biome [ENVO_01000193]	environment associated with a plant part or small plant [ENVO 01001057]	plant matter [ENVO:01001121]	Roxy_AnnS79
S80	Fr64	leaf metagenome	Festuca roemeri	Roxy_Ann	2015-06-01	USA: Oregon, Medford, Roxy Ann Peak	42.35 N 122.79 W	temperate grassland biome [ENVO_01000193]	environment associated with a plant part or small plant [ENVO 01001057]	plant matter [ENVO:01001121]	Roxy_AnnS80
S81	Fr65	leaf metagenome	Festuca roemeri	Roxy_Ann	2015-06-01	USA: Oregon, Medford, Roxy Ann Peak	42.35 N 122.79 W	temperate grassland biome [ENVO_01000193]	environment associated with a plant part or small plant [ENVO 01001057]	plant matter [ENVO:01001121]	Roxy_AnnS81
S82	Fr66	leaf metagenome	Festuca roemeri	Roxy_Ann	2015-06-01	USA: Oregon, Medford, Roxy Ann Peak	42.35 N 122.79 W	temperate grassland biome [ENVO_01000193]	environment associated with a plant part or small plant [ENVO 01001057]	plant matter [ENVO:01001121]	Roxy_AnnS82
S83	Fr67	leaf metagenome	Festuca roemeri	Roxy_Ann	2015-06-01	USA: Oregon, Medford, Roxy Ann Peak	42.35 N 122.79 W	temperate grassland biome [ENVO_01000193]	environment associated with a plant part or small plant [ENVO 01001057]	plant matter [ENVO:01001121]	Roxy_AnnS83
S84	Fr68	leaf metagenome	Festuca roemeri	Roxy_Ann	2015-06-01	USA: Oregon, Medford, Roxy Ann Peak	42.35 N 122.79 W	temperate grassland biome [ENVO_01000193]	environment associated with a plant part or small plant [ENVO 01001057]	plant matter [ENVO:01001121]	Roxy_AnnS84
S85	Fr69	leaf metagenome	Festuca roemeri	Roxy_Ann	2015-06-01	USA: Oregon, Medford, Roxy Ann Peak	42.35 N 122.79 W	temperate grassland biome [ENVO_01000193]	environment associated with a plant part or small plant [ENVO 01001057]	plant matter [ENVO:01001121]	Roxy_AnnS85
S86	Fr70	leaf metagenome	Festuca roemeri	Roxy_Ann	2015-06-01	USA: Oregon, Medford, Roxy Ann Peak	42.35 N 122.79 W	temperate grassland biome [ENVO_01000193]	environment associated with a plant part or small plant [ENVO 01001057]	plant matter [ENVO:01001121]	Roxy_AnnS86
S87	Fr71	leaf metagenome	Festuca roemeri	Roxy_Ann	2015-06-01	USA: Oregon, Medford, Roxy Ann Peak	42.35 N 122.79 W	temperate grassland biome [ENVO_01000193]	environment associated with a plant part or small plant [ENVO 01001057]	plant matter [ENVO:01001121]	Roxy_AnnS87
S88	Fr72	leaf metagenome	Festuca roemeri	Roxy_Ann	2015-06-01	USA: Oregon, Medford, Roxy Ann Peak	42.35 N 122.79 W	temperate grassland biome [ENVO_01000193]	environment associated with a plant part or small plant [ENVO 01001057]	plant matter [ENVO:01001121]	Roxy_AnnS88
S29	Fr85	leaf metagenome	Festuca roemeri	Hazel_Dell	2015-06-10	USA: Oregon, Eugene, Hazel Dell	44.03 N 123.22 W	temperate grassland biome [ENVO_01000193]	environment associated with a plant part or small plant [ENVO 01001057]	plant matter [ENVO:01001121]	Hazel_DellS29
S30	Fr86	leaf metagenome	Festuca roemeri	Hazel_Dell	2015-06-10	USA: Oregon, Eugene, Hazel Dell	44.03 N 123.22 W	temperate grassland biome [ENVO_01000193]	environment associated with a plant part or small plant [ENVO 01001057]	plant matter [ENVO:01001121]	Hazel_DellS30
S31	Fr87	leaf metagenome	Festuca roemeri	Hazel_Dell	2015-06-10	USA: Oregon, Eugene, Hazel Dell	44.03 N 123.22 W	temperate grassland biome [ENVO_01000193]	environment associated with a plant part or small plant [ENVO 01001057]	plant matter [ENVO:01001121]	Hazel_DellS31
S32	Fr88	leaf metagenome	Festuca roemeri	Hazel_Dell	2015-06-10	USA: Oregon, Eugene, Hazel Dell	44.03 N 123.22 W	temperate grassland biome [ENVO_01000193]	environment associated with a plant part or small plant [ENVO 01001057]	plant matter [ENVO:01001121]	Hazel_DellS32
S33	Fr89	leaf metagenome	Festuca roemeri	Hazel_Dell	2015-06-10	USA: Oregon, Eugene, Hazel Dell	44.03 N 123.22 W	temperate grassland biome [ENVO_01000193]	environment associated with a plant part or small plant [ENVO 01001057]	plant matter [ENVO:01001121]	Hazel_DellS33
S34	Fr90	leaf metagenome	Festuca roemeri	Hazel_Dell	2015-06-10	USA: Oregon, Eugene, Hazel Dell	44.03 N 123.22 W	temperate grassland biome [ENVO_01000193]	environment associated with a plant part or small plant [ENVO 01001057]	plant matter [ENVO:01001121]	Hazel_DellS34
S35	Fr91	leaf metagenome	Festuca roemeri	Hazel_Dell	2015-06-10	USA: Oregon, Eugene, Hazel Dell	44.03 N 123.22 W	temperate grassland biome [ENVO_01000193]	environment associated with a plant part or small plant [ENVO 01001057]	plant matter [ENVO:01001121]	Hazel_DellS35
S36	Fr92	leaf metagenome	Festuca roemeri	Hazel_Dell	2015-06-10	USA: Oregon, Eugene, Hazel Dell	44.03 N 123.22 W	temperate grassland biome [ENVO_01000193]	environment associated with a plant part or small plant [ENVO 01001057]	plant matter [ENVO:01001121]	Hazel_DellS36
S37	Fr93	leaf metagenome	Festuca roemeri	Hazel_Dell	2015-06-10	USA: Oregon, Eugene, Hazel Dell	44.03 N 123.22 W	temperate grassland biome [ENVO_01000193]	environment associated with a plant part or small plant [ENVO 01001057]	plant matter [ENVO:01001121]	Hazel_DellS37
S38	Fr94	leaf metagenome	Festuca roemeri	Hazel_Dell	2015-06-10	USA: Oregon, Eugene, Hazel Dell	44.03 N 123.22 W	temperate grassland biome [ENVO_01000193]	environment associated with a plant part or small plant [ENVO 01001057]	plant matter [ENVO:01001121]	Hazel_DellS38
S39	Fr95	leaf metagenome	Festuca roemeri	Hazel_Dell	2015-06-10	USA: Oregon, Eugene, Hazel Dell	44.03 N 123.22 W	temperate grassland biome [ENVO_01000193]	environment associated with a plant part or small plant [ENVO 01001057]	plant matter [ENVO:01001121]	Hazel_DellS39
S40	Fr96	leaf metagenome	Festuca roemeri	Hazel_Dell	2015-06-10	USA: Oregon, Eugene, Hazel Dell	44.03 N 123.22 W	temperate grassland biome [ENVO_01000193]	environment associated with a plant part or small plant [ENVO 01001057]	plant matter [ENVO:01001121]	Hazel_DellS40
S41	Fr109	leaf metagenome	Festuca roemeri	Horse_Rock	2015-06-24	USA: Oregon, Crawfordsville, Horse Rock Ridge	44.3 N 122.88 W	temperate grassland biome [ENVO_01000193]	environment associated with a plant part or small plant [ENVO 01001057]	plant matter [ENVO:01001121]	Horse_RockS41
S42	Fr110	leaf metagenome	Festuca roemeri	Horse_Rock	2015-06-24	USA: Oregon, Crawfordsville, Horse Rock Ridge	44.3 N 122.88 W	temperate grassland biome [ENVO_01000193]	environment associated with a plant part or small plant [ENVO 01001057]	plant matter [ENVO:01001121]	Horse_RockS42
S43	Fr111	leaf metagenome	Festuca roemeri	Horse_Rock	2015-06-24	USA: Oregon, Crawfordsville, Horse Rock Ridge	44.3 N 122.88 W	temperate grassland biome [ENVO_01000193]	environment associated with a plant part or small plant [ENVO 01001057]	plant matter [ENVO:01001121]	Horse_RockS43
S44	Fr112	leaf metagenome	Festuca roemeri	Horse_Rock	2015-06-24	USA: Oregon, Crawfordsville, Horse Rock Ridge	44.3 N 122.88 W	temperate grassland biome [ENVO_01000193]	environment associated with a plant part or small plant [ENVO 01001057]	plant matter [ENVO:01001121]	Horse_RockS44
S45	Fr113	leaf metagenome	Festuca roemeri	Horse_Rock	2015-06-24	USA: Oregon, Crawfordsville, Horse Rock Ridge	44.3 N 122.88 W	temperate grassland biome [ENVO_01000193]	environment associated with a plant part or small plant [ENVO 01001057]	plant matter [ENVO:01001121]	Horse_RockS45
S46	Fr114	leaf metagenome	Festuca roemeri	Horse_Rock	2015-06-24	USA: Oregon, Crawfordsville, Horse Rock Ridge	44.3 N 122.88 W	temperate grassland biome [ENVO_01000193]	environment associated with a plant part or small plant [ENVO 01001057]	plant matter [ENVO:01001121]	Horse_RockS46
S47	Fr115	leaf metagenome	Festuca roemeri	Horse_Rock	2015-06-24	USA: Oregon, Crawfordsville, Horse Rock Ridge	44.3 N 122.88 W	temperate grassland biome [ENVO_01000193]	environment associated with a plant part or small plant [ENVO 01001057]	plant matter [ENVO:01001121]	Horse_RockS47
S48	Fr116	leaf metagenome	Festuca roemeri	Horse_Rock	2015-06-24	USA: Oregon, Crawfordsville, Horse Rock Ridge	44.3 N 122.88 W	temperate grassland biome [ENVO_01000193]	environment associated with a plant part or small plant [ENVO 01001057]	plant matter [ENVO:01001121]	Horse_RockS48
S49	Fr117	leaf metagenome	Festuca roemeri	Horse_Rock	2015-06-24	USA: Oregon, Crawfordsville, Horse Rock Ridge	44.3 N 122.88 W	temperate grassland biome [ENVO_01000193]	environment associated with a plant part or small plant [ENVO 01001057]	plant matter [ENVO:01001121]	Horse_RockS49
S50	Fr118	leaf metagenome	Festuca roemeri	Horse_Rock	2015-06-24	USA: Oregon, Crawfordsville, Horse Rock Ridge	44.3 N 122.88 W	temperate grassland biome [ENVO_01000193]	environment associated with a plant part or small plant [ENVO 01001057]	plant matter [ENVO:01001121]	Horse_RockS50
S51	Fr119	leaf metagenome	Festuca roemeri	Horse_Rock	2015-06-24	USA: Oregon, Crawfordsville, Horse Rock Ridge	44.3 N 122.88 W	temperate grassland biome [ENVO_01000193]	environment associated with a plant part or small plant [ENVO 01001057]	plant matter [ENVO:01001121]	Horse_RockS51
S52	Fr120	leaf metagenome	Festuca roemeri	Horse_Rock	2015-06-24	USA: Oregon, Crawfordsville, Horse Rock Ridge	44.3 N 122.88 W	temperate grassland biome [ENVO_01000193]	environment associated with a plant part or small plant [ENVO 01001057]	plant matter [ENVO:01001121]	Horse_RockS52
S53	Fr133	leaf metagenome	Festuca roemeri	Upper_Weir	2015-06-13	USA: Washington, Rainier, Upper Weir	46.91 N 122.71 W	temperate grassland biome [ENVO_01000193]	environment associated with a plant part or small plant [ENVO 01001057]	plant matter [ENVO:01001121]	Upper_WeirS53
S54	Fr134	leaf metagenome	Festuca roemeri	Upper_Weir	2015-06-13	USA: Washington, Rainier, Upper Weir	46.91 N 122.71 W	temperate grassland biome [ENVO_01000193]	environment associated with a plant part or small plant [ENVO 01001057]	plant matter [ENVO:01001121]	Upper_WeirS54
S55	Fr135	leaf metagenome	Festuca roemeri	Upper_Weir	2015-06-13	USA: Washington, Rainier, Upper Weir	46.91 N 122.71 W	temperate grassland biome [ENVO_01000193]	environment associated with a plant part or small plant [ENVO 01001057]	plant matter [ENVO:01001121]	Upper_WeirS55
S56	Fr136	leaf metagenome	Festuca roemeri	Upper_Weir	2015-06-13	USA: Washington, Rainier, Upper Weir	46.91 N 122.71 W	temperate grassland biome [ENVO_01000193]	environment associated with a plant part or small plant [ENVO 01001057]	plant matter [ENVO:01001121]	Upper_WeirS56
S57	Fr137	leaf metagenome	Festuca roemeri	Upper_Weir	2015-06-13	USA: Washington, Rainier, Upper Weir	46.91 N 122.71 W	temperate grassland biome [ENVO_01000193]	environment associated with a plant part or small plant [ENVO 01001057]	plant matter [ENVO:01001121]	Upper_WeirS57
S58	Fr138	leaf metagenome	Festuca roemeri	Upper_Weir	2015-06-13	USA: Washington, Rainier, Upper Weir	46.91 N 122.71 W	temperate grassland biome [ENVO_01000193]	environment associated with a plant part or small plant [ENVO 01001057]	plant matter [ENVO:01001121]	Upper_WeirS58
S59	Fr139	leaf metagenome	Festuca roemeri	Upper_Weir	2015-06-13	USA: Washington, Rainier, Upper Weir	46.91 N 122.71 W	temperate grassland biome [ENVO_01000193]	environment associated with a plant part or small plant [ENVO 01001057]	plant matter [ENVO:01001121]	Upper_WeirS59
S60	Fr140	leaf metagenome	Festuca roemeri	Upper_Weir	2015-06-13	USA: Washington, Rainier, Upper Weir	46.91 N 122.71 W	temperate grassland biome [ENVO_01000193]	environment associated with a plant part or small plant [ENVO 01001057]	plant matter [ENVO:01001121]	Upper_WeirS60
S61	Fr141	leaf metagenome	Festuca roemeri	Upper_Weir	2015-06-13	USA: Washington, Rainier, Upper Weir	46.91 N 122.71 W	temperate grassland biome [ENVO_01000193]	environment associated with a plant part or small plant [ENVO 01001057]	plant matter [ENVO:01001121]	Upper_WeirS61
S62	Fr142	leaf metagenome	Festuca roemeri	Upper_Weir	2015-06-13	USA: Washington, Rainier, Upper Weir	46.91 N 122.71 W	temperate grassland biome [ENVO_01000193]	environment associated with a plant part or small plant [ENVO 01001057]	plant matter [ENVO:01001121]	Upper_WeirS62
S63	Fr143	leaf metagenome	Festuca roemeri	Upper_Weir	2015-06-13	USA: Washington, Rainier, Upper Weir	46.91 N 122.71 W	temperate grassland biome [ENVO_01000193]	environment associated with a plant part or small plant [ENVO 01001057]	plant matter [ENVO:01001121]	Upper_WeirS63
S64	Fr144	leaf metagenome	Festuca roemeri	Upper_Weir	2015-06-13	USA: Washington, Rainier, Upper Weir	46.91 N 122.71 W	temperate grassland biome [ENVO_01000193]	environment associated with a plant part or small plant [ENVO 01001057]	plant matter [ENVO:01001121]	Upper_WeirS64
S65	Fr157	leaf metagenome	Festuca roemeri	Whidbey	2015-06-20	USA: Washington, Coupeville, Whidbey Island	48.21 N 122.62 W	temperate grassland biome [ENVO_01000193]	environment associated with a plant part or small plant [ENVO 01001057]	plant matter [ENVO:01001121]	WhidbeyS65
S66	Fr158	leaf metagenome	Festuca roemeri	Whidbey	2015-06-20	USA: Washington, Coupeville, Whidbey Island	48.21 N 122.62 W	temperate grassland biome [ENVO_01000193]	environment associated with a plant part or small plant [ENVO 01001057]	plant matter [ENVO:01001121]	WhidbeyS66
S67	Fr159	leaf metagenome	Festuca roemeri	Whidbey	2015-06-20	USA: Washington, Coupeville, Whidbey Island	48.21 N 122.62 W	temperate grassland biome [ENVO_01000193]	environment associated with a plant part or small plant [ENVO 01001057]	plant matter [ENVO:01001121]	WhidbeyS67
S68	Fr160	leaf metagenome	Festuca roemeri	Whidbey	2015-06-20	USA: Washington, Coupeville, Whidbey Island	48.21 N 122.62 W	temperate grassland biome [ENVO_01000193]	environment associated with a plant part or small plant [ENVO 01001057]	plant matter [ENVO:01001121]	WhidbeyS68
S69	Fr161	leaf metagenome	Festuca roemeri	Whidbey	2015-06-20	USA: Washington, Coupeville, Whidbey Island	48.21 N 122.62 W	temperate grassland biome [ENVO_01000193]	environment associated with a plant part or small plant [ENVO 01001057]	plant matter [ENVO:01001121]	WhidbeyS69
S70	Fr162	leaf metagenome	Festuca roemeri	Whidbey	2015-06-20	USA: Washington, Coupeville, Whidbey Island	48.21 N 122.62 W	temperate grassland biome [ENVO_01000193]	environment associated with a plant part or small plant [ENVO 01001057]	plant matter [ENVO:01001121]	WhidbeyS70
S71	Fr163	leaf metagenome	Festuca roemeri	Whidbey	2015-06-20	USA: Washington, Coupeville, Whidbey Island	48.21 N 122.62 W	temperate grassland biome [ENVO_01000193]	environment associated with a plant part or small plant [ENVO 01001057]	plant matter [ENVO:01001121]	WhidbeyS71
S72	Fr164	leaf metagenome	Festuca roemeri	Whidbey	2015-06-20	USA: Washington, Coupeville, Whidbey Island	48.21 N 122.62 W	temperate grassland biome [ENVO_01000193]	environment associated with a plant part or small plant [ENVO 01001057]	plant matter [ENVO:01001121]	WhidbeyS72
S73	Fr165	leaf metagenome	Festuca roemeri	Whidbey	2015-06-20	USA: Washington, Coupeville, Whidbey Island	48.21 N 122.62 W	temperate grassland biome [ENVO_01000193]	environment associated with a plant part or small plant [ENVO 01001057]	plant matter [ENVO:01001121]	WhidbeyS73
S74	Fr166	leaf metagenome	Festuca roemeri	Whidbey	2015-06-20	USA: Washington, Coupeville, Whidbey Island	48.21 N 122.62 W	temperate grassland biome [ENVO_01000193]	environment associated with a plant part or small plant [ENVO 01001057]	plant matter [ENVO:01001121]	WhidbeyS74
S75	Fr167	leaf metagenome	Festuca roemeri	Whidbey	2015-06-20	USA: Washington, Coupeville, Whidbey Island	48.21 N 122.62 W	temperate grassland biome [ENVO_01000193]	environment associated with a plant part or small plant [ENVO 01001057]	plant matter [ENVO:01001121]	WhidbeyS75
S76	Fr168	leaf metagenome	Festuca roemeri	Whidbey	2015-06-20	USA: Washington, Coupeville, Whidbey Island	48.21 N 122.62 W	temperate grassland biome [ENVO_01000193]	environment associated with a plant part or small plant [ENVO 01001057]	plant matter [ENVO:01001121]	WhidbeyS76
S255	Neg	synthetic metagenome	not applicable	Control	missing: control sample	USA: University of Oregon	44.05 N 123.07 W	laboratory environment [ENVO 01001405]	liquid water [ENVO_00002006]	sterile water [ENVO_00005791]	ControlS255
S256	PosG	synthetic metagenome	not applicable	Control	missing: control sample	USA: University of Oregon	44.05 N 123.07 W	laboratory environment [ENVO 01001405]	culturing environment [ENVO 01000312]	mock community culture [ENVO 01001059]	ControlS256
S257	PosI	synthetic metagenome	not applicable	Control	missing: control sample	USA: University of Oregon	44.05 N 123.07 W	laboratory environment [ENVO 01001405]	culturing environment [ENVO 01000312]	mock community culture [ENVO 01001059]	ControlS257
